player_id,player_name,team,position,bats
100000,Junior Tovar,Dodgers,3B,L
100001,Junior Alvarez,Red Sox,C,S
100002,Nolan Tovar,Astros,RF,R
100003,Anthony Carroll,Orioles,3B,L
100004,Ezequiel Greene,Mets,RF,R
100005,Corbin Holt,Brewers,SS,R
100006,Anthony Story,Nationals,LF,L
100007,Jordan Ortiz,Rays,DH,L
100008,Jordan Tovar,Astros,1B,R
100009,Julio Abreu,Orioles,1B,L
100010,Luis Arenado,Mets,DH,R
100011,Michael Ortiz,Brewers,SS,R
100012,Julio Wood,Dodgers,SS,R
100013,Gunnar Alvarez,Padres,3B,L
100014,Riley Alvarez,Brewers,2B,L
100015,Corbin Story,Yankees,3B,R
100016,Devin Alvarez,Braves,1B,R
100017,Trevor Turang,Yankees,RF,L
100018,Julio Alvarez,Nationals,RF,R
100019,Adley Witt,Rays,1B,R
100020,Corbin Alvarez,Dodgers,SS,R
100021,Wilyer Tovar,Braves,LF,R
100022,Junior Witt,Yankees,2B,R
100023,Ronny Carroll,Padres,1B,R
100024,Carlos Volpe,Rays,2B,R
100025,Anthony Reyes,Cubs,2B,L
100026,James Witt,Orioles,RF,L
100027,Elly De La Cruz,Mets,RF,R
100028,Ronny Turang,Brewers,C,L
100029,Jordan Rodriguez,Astros,1B,R
100030,Luis Wood,Guardians,CF,R
100031,James De La Cruz,Nationals,2B,L
100032,Bobby Ortiz,Padres,C,R
100033,Ronny Nunez,Mets,DH,L
100034,Corbin Reyes,Astros,DH,L
100035,Xavier Arenado,Yankees,SS,R
100036,Wilyer Caminero,Guardians,DH,R
100037,Jordan Rivas,Astros,2B,R
100038,Gunnar Rivas,Guardians,RF,L
100039,Julio Arenado,Dodgers,3B,L
100040,James Meyer,Brewers,LF,R
100041,Ezequiel De La Cruz,Yankees,C,R
100042,Marco Marsh,Dodgers,1B,R
100043,Marco Meyer,Yankees,1B,L
100044,Carlos Witt,Guardians,3B,L
100045,Kaleb Turang,Red Sox,DH,R
100046,Julio Tovar,Rays,C,R
100047,Corbin Diaz,Red Sox,LF,R
100048,Trevor Reyes,Padres,2B,R
100049,Xavier Turang,Mets,RF,L
100050,Gunnar Wood,Phillies,SS,R
100051,Junior Reyes,Nationals,LF,L
100052,Luis Tovar,Phillies,C,L
100053,Carlos Holt,Nationals,C,R
100054,Gunnar Ortiz,Phillies,RF,L
100055,Carlos Marsh,Red Sox,DH,R
100056,Bobby Henderson,Cubs,2B,S
100057,Marco Wood,Orioles,C,R
100058,Carlos Nunez,Red Sox,DH,L
100059,Anthony Perez,Nationals,DH,R
100060,Julio Marsh,Rays,CF,L
100061,Elly Ortiz,Cubs,C,L
100062,Elly Reyes,Rays,DH,R
100063,Brice Caminero,Rays,RF,R
100064,Nolan Rivas,Mets,LF,L
100065,Wilyer Rivas,Nationals,2B,L
100066,Kaleb Nunez,Guardians,SS,R
100067,Luis Turang,Red Sox,2B,R
100068,Brice Alvarez,Padres,1B,R
100069,Luis Alvarez,Astros,LF,R
100070,Brice Arenado,Brewers,CF,R
100071,Corbin Caminero,Orioles,DH,R
100072,James Rodriguez,Orioles,LF,S
100073,Adley Reyes,Padres,DH,R
100074,Bobby Witt,Red Sox,LF,R
100075,Nolan Wood,Astros,3B,S
100076,Marco Diaz,Astros,RF,R
100077,Riley Tovar,Yankees,C,R
100078,Xavier Story,Nationals,RF,R
100079,Ronny Henderson,Astros,LF,L
100080,Ezequiel Meyer,Phillies,3B,R
100081,Luis Carroll,Brewers,LF,L
100082,Xavier Carroll,Orioles,2B,R
100083,Carlos Arenado,Yankees,RF,R
100084,Michael Abreu,Guardians,LF,R
100085,Marco Story,Phillies,2B,R
100086,Michael Diaz,Braves,1B,R
100087,Adley Turang,Dodgers,C,R
100088,Trevor Abreu,Guardians,LF,L
100089,Trevor De La Cruz,Yankees,2B,R
100090,Nolan Perez,Yankees,RF,R
100091,Julio Rivas,Cubs,2B,R
100092,Riley Witt,Padres,3B,R
100093,Brice Ortiz,Cubs,SS,R
100094,Junior Volpe,Brewers,C,L
100095,Jordan Caminero,Yankees,RF,L
100096,Devin Nunez,Phillies,RF,L
100097,Riley Greene,Braves,RF,R
100098,Trevor Henderson,Phillies,SS,L
100099,Anthony Rodriguez,Astros,3B,L
100100,Devin Reyes,Rays,1B,R
100101,James Carroll,Braves,2B,R
100102,Adley Ortiz,Astros,2B,R
100103,Marco Alvarez,Nationals,2B,S
100104,Jordan Perez,Yankees,SS,R
100105,Julio Henderson,Padres,RF,L
100106,Gunnar Henderson,Astros,LF,R
100107,Marco Arenado,Rays,1B,L
100108,Adley Volpe,Cubs,1B,L
100109,Riley Caminero,Braves,CF,R
100110,Adley Diaz,Astros,1B,S
100111,Elly Meyer,Guardians,RF,L
100112,Luis Diaz,Brewers,2B,L
100113,Adley Meyer,Red Sox,1B,R
100114,Brice Witt,Guardians,SS,R
100115,Luis Story,Orioles,SS,L
100116,James Diaz,Yankees,1B,R
100117,Nolan Caminero,Guardians,LF,R
100118,Nolan Ortiz,Astros,DH,L
100119,Riley Reyes,Yankees,3B,R
100120,Kaleb Wood,Padres,1B,S
100121,Gunnar Carroll,Astros,3B,L
100122,Marco Witt,Padres,DH,L
100123,Bobby Rodriguez,Brewers,3B,S
100124,Anthony Diaz,Mets,1B,L
100125,Michael Greene,Brewers,1B,L
100126,Gunnar Turang,Brewers,SS,L
100127,Corbin Marsh,Padres,SS,R
100128,Brice Marsh,Orioles,DH,L
100129,Gunnar Caminero,Mets,DH,L
100130,Jordan Reyes,Astros,RF,R
100131,Riley Nunez,Rays,LF,L
100132,Bobby Caminero,Dodgers,DH,R
100133,Devin Holt,Guardians,1B,L
100134,Trevor Rivas,Rays,DH,L
100135,Michael Turang,Rays,C,R
100136,Trevor Meyer,Padres,RF,R
100137,Xavier Volpe,Nationals,C,L
100138,Carlos Diaz,Brewers,CF,L
100139,Trevor Volpe,Guardians,C,R
100140,Junior Caminero,Dodgers,SS,L
100141,Gunnar Greene,Brewers,RF,R
100142,Trevor Arenado,Rays,1B,R
100143,Junior Arenado,Orioles,DH,L
100144,Adley Abreu,Rays,LF,R
100145,Devin Perez,Guardians,CF,R
100146,Ronny Caminero,Astros,1B,S
100147,Gunnar Tovar,Nationals,LF,R
100148,Corbin Wood,Nationals,DH,R
100149,Corbin Witt,Orioles,CF,L
100150,James Wood,Guardians,SS,R
100151,Michael Rodriguez,Brewers,1B,R
100152,Luis Reyes,Brewers,2B,R
100153,Elly Greene,Padres,3B,R
100154,Anthony Holt,Padres,LF,R
100155,Kaleb Carroll,Guardians,SS,R
100156,Ronny Witt,Braves,CF,L
100157,Bobby Greene,Braves,2B,L
100158,Marco Carroll,Orioles,LF,R
100159,Carlos Henderson,Yankees,CF,L
100160,Anthony Henderson,Astros,SS,L
100161,Devin Marsh,Orioles,RF,R
100162,Wilyer Abreu,Cubs,RF,R
100163,Wilyer Reyes,Orioles,3B,R
100164,Nolan Marsh,Rays,CF,R
100165,Jordan Volpe,Mets,3B,R
100166,Devin Meyer,Dodgers,1B,R
100167,Adley Nunez,Brewers,DH,L
100168,Ezequiel Alvarez,Red Sox,CF,R
100169,Luis Greene,Phillies,C,R
100170,Ezequiel Henderson,Guardians,1B,R
100171,Corbin Volpe,Cubs,DH,R
100172,Marco Volpe,Yankees,DH,R
100173,Adley Carroll,Yankees,3B,R
100174,Anthony Tovar,Rays,3B,R
100175,Kaleb Rivas,Nationals,DH,R
100176,Riley Holt,Red Sox,2B,R
100177,Carlos Meyer,Astros,SS,R
100178,Xavier Holt,Yankees,RF,L
100179,Elly Alvarez,Yankees,CF,R
100180,Nolan Henderson,Cubs,3B,L
100181,Kaleb Rodriguez,Orioles,CF,L
100182,Corbin Perez,Phillies,LF,L
100183,Gunnar Rodriguez,Yankees,SS,R
100184,Brice De La Cruz,Padres,DH,L
100185,Elly Rivas,Rays,3B,R
100186,Bobby Diaz,Dodgers,SS,R
100187,Adley Greene,Dodgers,DH,L
100188,Carlos Tovar,Dodgers,DH,L
100189,Xavier Nunez,Braves,RF,L
100190,Adley Arenado,Yankees,3B,R
100191,Carlos Greene,Mets,DH,S
100192,James Reyes,Yankees,CF,L
100193,Riley Ortiz,Rays,1B,R
100194,Adley Tovar,Padres,SS,S
100195,Devin De La Cruz,Brewers,RF,R
100196,Devin Witt,Orioles,RF,L
100197,Devin Turang,Rays,3B,R
100198,Ezequiel Arenado,Dodgers,CF,L
100199,Nolan Arenado,Mets,RF,R
100200,Michael Holt,Brewers,LF,L
100201,Corbin Turang,Padres,SS,L
100202,Bobby Alvarez,Nationals,2B,L
100203,Ezequiel Volpe,Cubs,2B,L
100204,Corbin De La Cruz,Brewers,2B,L
100205,Anthony Rivas,Dodgers,C,R
100206,Corbin Arenado,Mets,RF,S
100207,Riley Marsh,Astros,3B,R
100208,Marco Nunez,Yankees,CF,L
100209,Wilyer De La Cruz,Guardians,DH,R
100210,Ronny Wood,Brewers,3B,R
100211,Ronny Rivas,Orioles,C,R
100212,Corbin Carroll,Cubs,DH,L
100213,Adley Henderson,Padres,2B,L
100214,Elly Holt,Orioles,2B,L
100215,Kaleb Henderson,Padres,CF,L
100216,Kaleb Marsh,Red Sox,1B,L
100217,Brice Reyes,Rays,LF,L
100218,Bobby Tovar,Braves,3B,R
100219,Luis Nunez,Braves,CF,L
100220,Xavier Tovar,Guardians,1B,R
100221,Kaleb Caminero,Mets,LF,S
100222,James Turang,Padres,DH,R
100223,Wilyer Holt,Braves,C,R
100224,Xavier Henderson,Yankees,2B,R
100225,Anthony Caminero,Braves,3B,R
100226,Michael Alvarez,Guardians,1B,R
100227,Julio De La Cruz,Nationals,3B,R
100228,Xavier Caminero,Mets,RF,R
100229,Junior Henderson,Nationals,SS,R
100230,Elly Carroll,Orioles,RF,L
100231,Bobby Holt,Cubs,SS,L
100232,Ronny Holt,Astros,2B,S
100233,Julio Rodriguez,Cubs,CF,R
100234,Bobby Abreu,Phillies,1B,L
100235,Junior Turang,Padres,1B,R
100236,James Caminero,Dodgers,LF,R
100237,Julio Turang,Nationals,RF,L
100238,Michael Tovar,Padres,RF,R
100239,Devin Diaz,Orioles,SS,L
