player_id,name,avg_bat_speed,squared_up_per_swing,swing_length,attack_angle,est_woba,pa,brl_percent
691406,"Caminero, Junior",79.869797447,0.2417417417417417,8.669528709,8.174151383612385,0.371,460,13.2
691023,"Walker, Jordan",79.15609941,0.2112482853223594,8.316275583,7.581197235531791,0.363,439,13.7
665833,"Cruz, Oneil",78.461901745,0.2147651006711409,7.622225302,7.844961108299858,0.358,283,16.4
701762,"Kurtz, Nick",78.253253807,0.1731669266770671,7.748838549,12.745005359804926,0.378,420,18.4
701358,"Smith, Cam",77.496753514,0.1906906906906907,7.703752703,10.800132481725116,0.333,388,11.7
669003,"Mitchell, Garrett",77.385724672,0.2007504690431519,7.229286041,9.79195660405677,0.354,342,14.2
695506,"Caglianone, Jac",77.365694756,0.2164634146341463,7.905919771,10.05925791302939,0.348,377,14.5
666176,"Adell, Jo",77.332607822,0.1831683168316831,7.722093626,9.718931861918517,0.33,434,8.7
575929,"Contreras, Willson",77.093346716,0.1880597014925373,7.92869009,11.403288492458202,0.387,400,14.4
656941,"Schwarber, Kyle",77.064996938,0.1681997371879106,7.48242343,14.635467488023515,0.368,452,18.0
695578,"Wood, James",76.856732203,0.2443502824858757,7.41676209,11.689732837472796,0.425,498,22.2
641343,"Bauers, Jake",76.770000091,0.2558983666061706,7.670482178,10.7657356922414,0.357,379,13.5
677594,"Rodríguez, Julio",76.631629393,0.1986206896551724,7.789282855,8.358038570457646,0.347,411,8.9
695657,"Montgomery, Colson",76.322024344,0.1607898448519041,7.915049252,13.14574052708488,0.319,411,13.1
665489,"Guerrero Jr., Vladimir",76.269826616,0.25,7.559931387,1.2635370828361556,0.34,429,6.8
656305,"Chapman, Matt",76.1503758,0.1672727272727272,7.370998182,3.7191265177600914,0.286,352,6.6
670541,"Alvarez, Yordan",76.125467889,0.2620087336244541,7.632189418,8.070897557516666,0.473,459,18.7
665487,"Tatis Jr., Fernando",76.038820868,0.2724550898203592,7.3276675,7.076864964202546,0.354,464,10.8
663586,"Riley, Austin",75.787249361,0.1970108695652173,7.579777568,11.488965801961296,0.297,427,10.9
682985,"Greene, Riley",75.684897923,0.2117177097203728,7.259483981,15.576177563776731,0.37,441,15.4
804606,"Griffin, Konnor",75.645159126,0.1793103448275862,7.69317246,9.54356409803068,0.305,247,8.0
682998,"Carroll, Corbin",75.527100913,0.2434782608695652,7.467445609,10.723197596241087,0.345,439,12.4
669394,"Burger, Jake",75.450374667,0.2251851851851851,7.500457363,9.379907744773416,0.305,406,10.6
682829,"De La Cruz, Elly",75.417185379,0.2522045855379188,7.112914656,8.388058511702681,0.372,381,14.8
696100,"Goodman, Hunter",75.402227887,0.1744680851063829,7.395600582,14.540853387034469,0.337,408,17.0
670042,"Raley, Luke",75.27058418,0.185546875,7.282722891,14.785828851338737,0.342,280,16.1
669065,"Stowers, Kyle",75.255015057,0.2029459901800327,6.788020131,14.850521677285704,0.324,344,11.8
669127,"Langeliers, Shea",75.237868817,0.2319508448540706,7.247590676,11.953736219046473,0.363,416,14.9
808959,"Murakami, Munetaka",75.210006688,0.2012578616352201,7.885074465,18.871285295153303,0.376,299,20.4
545361,"Trout, Mike",75.100219529,0.2198952879581152,7.508493473,7.236959187697023,0.404,392,18.4
680776,"Duran, Jarren",75.049571994,0.1832844574780058,7.608449619,6.150147181332708,0.293,414,10.3
624585,"Soler, Jorge",74.997127841,0.1686340640809443,7.898727808,11.84932082514714,0.298,344,11.3
683146,"Baty, Brett",74.963480719,0.205685618729097,7.410198043,10.277891922273843,0.304,350,8.7
621566,"Olson, Matt",74.926249235,0.2321204516938519,7.567242208,10.291860466631034,0.36,463,14.3
686948,"Baldwin, Drake",74.909628762,0.247588424437299,7.285751511,12.199623188912756,0.385,367,14.9
663728,"Raleigh, Cal",74.901016167,0.1435331230283911,7.87943011,17.584375223733137,0.284,316,10.9
671739,"Harris II, Michael",74.89599789,0.2390998593530239,8.173709184,7.312798239941705,0.357,399,12.2
606466,"Marte, Ketel",74.774782108,0.2674418604651162,7.733972907,9.248328347890132,0.358,446,10.4
691718,"Crow-Armstrong, Pete",74.76853009,0.2107969151670951,7.400604653,15.594501158227835,0.361,460,11.3
668904,"Lewis, Royce",74.74573,0.2008196721311475,8.012224713,11.030399393756136,0.301,295,11.6
686527,"Canzone, Dominic",74.699484882,0.2795698924731182,7.412726473,13.56177302681017,0.361,289,14.0
592518,"Machado, Manny",74.668293385,0.2284908321579689,7.880595938,7.386684870615293,0.328,437,10.9
624413,"Alonso, Pete",74.663877638,0.2402684563758389,7.192682725,10.234030783150317,0.38,462,12.5
694212,"Basallo, Samuel",74.652811207,0.226691042047532,7.62466713,11.769371835878658,0.336,311,12.9
660271,"Ohtani, Shohei",74.646024565,0.2768115942028985,7.88496742,13.505921764621691,0.405,447,16.4
694192,"Chourio, Jackson",74.631642136,0.258252427184466,7.350498757,9.198730337465044,0.332,323,13.3
663993,"Lowe, Nathaniel",74.585246132,0.1816037735849056,7.558579434,8.014436551703739,0.351,249,10.7
572233,"Walker, Christian",74.429749096,0.2047872340425532,7.427326011,7.694674656546772,0.295,423,9.6
691016,"Soderstrom, Tyler",74.392768108,0.245045045045045,7.487297459,10.07106531240965,0.339,385,9.8
683002,"Henderson, Gunnar",74.373014611,0.2287104622871046,7.315770973,10.33816619251006,0.303,481,7.1
657757,"Sheets, Gavin",74.368159871,0.2095588235294117,7.72259171,7.952629402673281,0.316,354,6.8
666160,"Moniak, Mickey",74.360216825,0.2332613390928725,7.81577419,13.994773430982631,0.301,255,10.9
547180,"Harper, Bryce",74.316117392,0.2088607594936709,7.394280747,13.025939884351336,0.38,446,11.2
621439,"Buxton, Byron",74.205843577,0.2195121951219512,7.982199398,14.199304480203477,0.349,360,17.7
682626,"Alvarez, Francisco",74.201249011,0.2206896551724138,7.243027011,10.165653814165662,0.339,255,16.3
678246,"Vargas, Miguel",74.135210397,0.273371104815864,7.753451105,12.495755997142854,0.39,449,14.6
671056,"Herrera, Iván",73.892625627,0.2353760445682451,7.788281017,7.221828053713151,0.335,464,5.5
668709,"Bleday, JJ",73.885295849,0.2239382239382239,7.298625869,13.104221119288844,0.362,322,10.0
695600,"Jensen, Carter",73.866140172,0.234375,7.130206953,6.4041719454491695,0.285,388,9.6
650490,"Díaz, Yandy",73.816151377,0.2826086956521739,7.595087,1.8210716407030545,0.357,445,6.9
677951,"Witt Jr., Bobby",73.80004297,0.2859399684044234,6.975369953,4.954623318633219,0.386,414,12.0
677800,"Abreu, Wilyer",73.779325148,0.2412903225806451,7.173967213,8.093933645543476,0.342,442,12.5
671277,"García Jr., Luis",73.744819884,0.2786069651741293,7.397834113,10.38665978985492,0.353,348,11.2
671732,"Butler, Lawrence",73.715415179,0.1894736842105263,7.000220021,5.307870932065111,0.307,303,5.9
664040,"Lowe, Brandon",73.658847684,0.2276843467011643,7.051482445,15.82460756403724,0.336,431,12.1
542303,"Ozuna, Marcell",73.56061217,0.1991051454138702,7.488965391,16.012568802952657,0.307,269,8.1
686555,"Collins, Isaac",73.555433276,0.2569593147751606,6.801788522,4.460941172547919,0.307,351,5.8
701538,"Merrill, Jackson",73.387193541,0.2075226977950713,7.569724293,9.544325902752025,0.32,433,10.4
673548,"Suzuki, Seiya",73.348886096,0.2126245847176079,7.252954203,9.190210654477273,0.336,387,10.1
668901,"Vientos, Mark",73.344510089,0.2288888888888889,7.517232956,13.150308139740105,0.31,254,10.1
676475,"Burleson, Alec",73.323600855,0.2862957937584803,7.580361588,13.01040912445774,0.383,442,11.3
592663,"Realmuto, J.T.",73.302041911,0.2777777777777778,7.417422333,11.931507943205297,0.317,288,4.5
672960,"Okamoto, Kazuma",73.284426598,0.2249657064471879,7.914768025,15.20125582046753,0.314,421,13.9
661388,"Contreras, William",73.224110927,0.3228476821192053,7.161556407,8.198652361561953,0.335,421,7.4
679529,"Torkelson, Spencer",73.21778214,0.2050520059435364,7.775410371,15.372430578882236,0.317,408,14.3
592885,"Yelich, Christian",73.166272171,0.2045929018789144,7.582228518,11.320118824789272,0.307,310,9.4
665862,"Chisholm Jr., Jazz",73.12848065,0.2345483359746434,7.926887369,15.6938455086634,0.291,387,9.5
681624,"Pages, Andy",73.061158802,0.2409793814432989,7.642177126,6.53307251816111,0.338,452,8.2
543807,"Springer, George",73.001317025,0.2329749103942652,7.448214122,9.394268244963198,0.307,331,7.8
650489,"Castro, Willi",72.961973735,0.1746987951807229,7.337118253,8.939402396234655,0.297,356,7.6
662139,"Varsho, Daulton",72.881079397,0.196551724137931,7.683272379,9.128790030165286,0.298,341,6.5
682928,"Abrams, CJ",72.860324625,0.2506702412868632,7.691648472,13.358023379279423,0.354,436,11.4
668804,"Reynolds, Bryan",72.856732818,0.2270861833105335,7.000570834,10.623798616612149,0.359,460,11.5
665750,"Taveras, Leody",72.823896946,0.1916167664670658,7.50967503,7.476247403413648,0.285,319,4.4
677649,"Duran, Ezequiel",72.6871429,0.2115987460815047,7.130077367,6.36049483497388,0.306,361,6.4
700250,"Rice, Ben",72.667773227,0.2861491628614916,7.637365753,12.611061465178082,0.379,428,15.8
678554,"Mead, Curtis",72.585493567,0.25250501002004,7.067050842,5.694206326167003,0.358,327,10.8
669477,"Schmitt, Casey",72.543628754,0.2695652173913043,7.574029913,9.703998752136023,0.355,408,12.3
672724,"Peraza, Oswald",72.531320747,0.1915708812260536,7.59250136,6.344262489642189,0.275,291,7.5
593428,"Bogaerts, Xander",72.48971483,0.2705410821643286,7.405228437,11.52619292840726,0.317,401,6.1
607043,"Nimmo, Brandon",72.481268491,0.2701149425287356,6.999029799,6.980968870794122,0.373,421,12.0
701398,"Stewart, Sal",72.480424154,0.2381596752368065,7.592939134,12.034824491120364,0.348,450,13.7
657041,"Thomas, Lane",72.474322548,0.2612419700214132,6.880343683,8.822820839607969,0.32,312,6.5
677942,"Alexander, Blaze",72.448403326,0.2555066079295154,7.455714229,8.474835796430705,0.361,246,7.1
802139,"Wetherholt, JJ",72.33680215,0.304860088365243,7.568577894,11.618363042736233,0.347,453,7.2
642715,"Adames, Willy",72.335498598,0.21671388101983,8.187814419,15.409443477702624,0.289,420,9.3
606192,"Hernández, Teoscar",72.278704039,0.2379912663755458,7.741819236,10.985182207592976,0.321,282,9.1
671218,"Ramos, Heliot",72.205526353,0.2313725490196078,6.877445216,7.815455739250679,0.333,275,15.1
665161,"Peña, Jeremy",72.203996951,0.2466367713004484,7.438826166,11.68242957020233,0.359,249,5.3
678662,"Tovar, Ezequiel",72.174819841,0.1780028943560057,7.617775137,10.829401340930486,0.271,363,6.4
665742,"Soto, Juan",72.131657401,0.3492723492723493,7.091708669,12.60295274996357,0.422,359,14.2
664023,"Happ, Ian",72.066927923,0.1966987620357634,6.89607099,11.30802175601428,0.318,436,11.8
664034,"France, Ty",72.059407174,0.2292490118577075,7.558158162,10.691537828516088,0.334,273,11.8
686681,"Massey, Michael",72.001659414,0.2993492407809111,7.174086247,15.712325550710878,0.302,281,6.5
592626,"Pederson, Joc",71.96469714,0.2702169625246548,7.46354929,9.38876064514957,0.357,318,11.1
665019,"Clemens, Kody",71.957120344,0.290625,7.167860828,11.674697078043478,0.328,370,12.1
646240,"Devers, Rafael",71.924388689,0.2403598971722365,7.52320518,9.243207350020953,0.325,446,11.4
656555,"Hoskins, Rhys",71.923563573,0.2089887640449438,8.207087079,16.78329945545024,0.289,286,12.2
605137,"Bell, Josh",71.921648124,0.242914979757085,7.923584602,9.33363048213161,0.32,413,9.7
672640,"Lopez, Otto",71.913929044,0.3213166144200627,6.772227147,5.576178163418917,0.334,441,6.8
693307,"Dingler, Dillon",71.910429096,0.2679938744257274,7.646682466,13.454727504457049,0.38,400,11.3
690993,"Keith, Colt",71.847204414,0.3175675675675675,6.840993559,10.289909055580116,0.321,301,7.6
663616,"Larnach, Trevor",71.82198501,0.2389937106918239,7.227010377,8.309665823911637,0.34,316,7.7
681481,"Carpenter, Kerry",71.787548326,0.2158590308370044,7.394228546,17.925010095870785,0.295,259,9.4
666969,"García, Adolis",71.704877722,0.2414578587699316,7.69028713,9.678923722645964,0.294,259,9.3
680574,"McLain, Matt",71.703554838,0.2505399568034557,6.914536631,11.00937723992194,0.317,309,9.1
702284,"Young, Cole",71.701763157,0.27,6.958474071,6.062283172047536,0.333,421,5.4
607208,"Turner, Trea",71.694595814,0.2493638676844783,7.630075102,8.844076369398897,0.297,455,6.5
521692,"Perez, Salvador",71.651015245,0.2384020618556701,7.70704875,11.306028246990072,0.3,417,10.2
553993,"Suárez, Eugenio",71.628309764,0.1811023622047244,7.755348898,18.146714106212126,0.267,300,10.4
571970,"Muncy, Max",71.552164018,0.2535714285714285,6.950337875,16.35377516584278,0.355,367,13.8
672515,"Moreno, Gabriel",71.525593501,0.2940038684719536,7.025957041,8.577831599794363,0.382,321,7.7
621020,"Swanson, Dansby",71.519291106,0.2694704049844236,7.600017804,15.5992525575172,0.308,392,7.6
669016,"Marsh, Brandon",71.468548773,0.2438672438672438,7.268190043,9.942879655058334,0.318,396,9.4
800050,"DeLauter, Chase",71.435680425,0.3401109057301293,7.090456285,4.0406815386551775,0.346,372,6.7
571448,"Arenado, Nolan",71.402314817,0.2283333333333333,8.400896067,13.019485618984032,0.303,387,7.2
641487,"Crawford, J.P.",71.365373757,0.2798434442270058,7.360926145,6.868431117034032,0.331,356,6.6
663656,"Tucker, Kyle",71.313914544,0.2621082621082621,7.365604558,10.211840010568846,0.338,413,6.8
502671,"Goldschmidt, Paul",71.271737383,0.2332657200811359,7.537618661,11.791351248778629,0.307,291,11.2
573262,"Yastrzemski, Mike",71.266748545,0.284037558685446,7.465346761,10.849301669873032,0.296,276,6.2
805808,"McGonigle, Kevin",71.261735,0.3040345821325648,6.941910014,15.731367595888017,0.36,452,7.4
668715,"Steer, Spencer",71.18110841,0.2622950819672131,7.376041541,13.351058273050482,0.342,384,11.7
682177,"Schneemann, Daniel",71.169349487,0.2135523613963039,7.051592444,14.497093746598985,0.285,276,7.6
609280,"Andujar, Miguel",71.167532037,0.2569444444444444,7.556435347,7.27801857259894,0.298,254,4.5
687263,"Neto, Zach",71.139586951,0.2048780487804878,7.098170268,20.935842988347325,0.307,461,12.6
691026,"Winn, Masyn",71.129420576,0.2762711864406779,7.310359271,5.202727552677315,0.302,397,3.2
701807,"Benge, Carson",71.11255503,0.2589820359281437,6.548036317,5.792964381592241,0.338,421,7.6
682657,"Martínez, Angel",71.104917605,0.227906976744186,7.347118,10.52981945351424,0.297,254,7.5
663886,"Stephenson, Tyler",71.091447991,0.2694063926940639,7.438800091,12.424995852442942,0.345,281,11.6
608348,"Kelly, Carson",71.038926674,0.2880562060889929,6.962022529,10.278149782400485,0.319,275,6.2
664983,"McCarthy, Jake",71.033404537,0.2431941923774954,7.082048004,8.901629312398644,0.308,348,5.3
668227,"Arozarena, Randy",70.901242525,0.2641509433962264,7.185468186,7.595245499275258,0.354,419,8.0
656811,"O'Hearn, Ryan",70.849009005,0.2691680261011419,7.149815938,11.841097044097328,0.328,375,7.8
545121,"Vargas, Ildemaro",70.840018782,0.3319327731092437,7.373011239,5.597795237548705,0.316,329,3.2
663837,"Vierling, Matt",70.835871922,0.2894168466522678,7.422503456,8.774323654538973,0.301,285,5.0
695734,"Lile, Daylen",70.811815833,0.2658730158730158,7.473841085,12.064626980094053,0.314,436,8.0
693304,"Gonzales, Nick",70.71381478,0.2304409672830725,7.41863643,9.56678074815451,0.322,412,3.0
656775,"Mullins, Cedric",70.655371066,0.2470389170896785,7.397995093,11.91948390190066,0.26,354,4.1
664761,"Bohm, Alec",70.648992072,0.3442088091353997,7.199615171,5.071268200182777,0.304,412,5.4
805300,"Marsee, Jakob",70.534909011,0.254416961130742,6.749596837,6.942332227488159,0.297,410,3.1
673962,"Jung, Josh",70.519030306,0.3197278911564626,7.007025289,12.412860550525044,0.347,396,6.3
663757,"Grisham, Trent",70.439314602,0.3634408602150538,7.352437591,13.84271597328238,0.346,340,10.4
518692,"Freeman, Freddie",70.43917799,0.2623345367027677,6.734606462,7.562654138207095,0.383,446,10.0
691720,"Karros, Kyle",70.334228566,0.2426470588235294,7.026414688,7.67772892851573,0.34,356,8.2
686469,"Pasquantino, Vinnie",70.313285292,0.2718978102189781,7.302269891,10.878934484043384,0.316,333,6.8
647304,"Naylor, Josh",70.223760208,0.3210862619808307,7.553776965,8.48325772896525,0.322,426,4.8
687859,"Johnston, Troy",70.209480374,0.3009345794392523,6.798831047,10.321950890571792,0.324,339,2.0
686797,"Lee, Brooks",70.125279514,0.2689556509298998,7.006627196,11.138009592435262,0.273,410,3.8
701675,"Church, Nathan",70.096684203,0.2045028142589118,7.205681501,6.531455017767621,0.28,281,7.2
677587,"Rocchio, Brayan",70.085985298,0.2544642857142857,7.316706994,9.03436148259044,0.298,402,2.9
668930,"Turang, Brice",70.079963194,0.2690647482014388,6.759776144,8.039493456253497,0.35,450,8.5
666182,"Bichette, Bo",70.071089974,0.2657068062827225,7.209575681,2.5161634480150425,0.323,453,6.5
608070,"Ramírez, José",70.031430989,0.2564102564102564,7.238935128,10.089933858913318,0.348,332,6.2
803011,"Antonacci, Sam",69.994876391,0.2781065088757396,6.749548895,9.29504332581974,0.358,341,6.5
681082,"Stott, Bryson",69.974874419,0.3056478405315614,7.257062342,9.944089390307935,0.32,386,7.4
666018,"Aranda, Jonathan",69.892457687,0.2820874471086037,7.077272736,7.686010985435739,0.358,448,10.3
643217,"Benintendi, Andrew",69.890883793,0.2577132486388385,7.127824319,17.124707402931552,0.319,318,8.9
700932,"Manzardo, Kyle",69.830357233,0.2381786339754816,7.35666028,17.75125082578486,0.297,336,11.1
608324,"Bregman, Alex",69.797388311,0.3185185185185185,6.984017748,14.556741543326138,0.304,468,4.2
671976,"Peters, Tristan",69.79406499,0.2629558541266795,6.843831017,13.339234429509968,0.308,310,5.2
683953,"Bazzana, Travis",69.785613874,0.2535496957403651,7.019869006,11.0044668965614,0.302,325,4.7
678882,"Rafaela, Ceddanne",69.774806155,0.248641304347826,7.326818954,9.060829531767412,0.281,410,4.9
641355,"Bellinger, Cody",69.484614071,0.3150074294205052,7.865399881,13.55065380968328,0.35,434,6.1
696285,"Young, Jacob",69.419975395,0.3521444695259593,7.189926727,11.922703409698654,0.313,317,6.7
807712,"Keaschall, Luke",69.327604371,0.2707930367504835,6.756423868,10.914271751201072,0.3,388,2.9
702332,"Durbin, Caleb",69.230475037,0.2846441947565543,6.974652528,9.851837947605992,0.282,357,2.5
643289,"Dubón, Mauricio",69.0430618,0.279887482419128,7.62634135,4.121179451300969,0.311,416,4.6
645277,"Albies, Ozzie",68.947787143,0.2708074534161491,7.166070211,12.07372168727564,0.283,458,4.2
681198,"Rumfield, TJ",68.882776257,0.2410179640718563,6.565144955,10.072440696049547,0.325,419,5.2
702222,"Crawford, Justin",68.855390938,0.24953095684803,6.981709644,3.291204531501416,0.275,305,0.9
676609,"Caballero, José",68.819065617,0.2182468694096601,6.805650698,10.232846534408411,0.266,325,3.5
514888,"Altuve, Jose",68.764766299,0.281496062992126,7.606813307,14.113876446421068,0.278,351,5.7
642086,"Smith, Dominic",68.731181268,0.3004694835680751,6.874808099,8.279600580054238,0.308,256,5.5
543760,"Semien, Marcus",68.680709621,0.2667814113597246,7.81246704,14.888126017495228,0.304,343,7.4
656716,"McKinstry, Zach",68.667314389,0.251131221719457,6.720772624,8.3383849474906,0.283,277,2.9
683083,"Nuñez, Nasim",68.544020417,0.2192028985507246,6.761604167,5.0673203054275255,0.274,341,0.4
669364,"Edwards, Xavier",68.49162882,0.3229813664596273,6.530360342,5.90581270947054,0.318,446,4.2
808982,"Lee, Jung Hoo",68.393019165,0.368695652173913,7.740669165,4.484647146864998,0.315,384,2.5
621493,"Ward, Taylor",68.347899181,0.3394648829431438,6.889248361,6.416530156117777,0.348,482,5.7
683737,"Busch, Michael",68.336114294,0.2853107344632768,6.99722709,15.799743814769656,0.341,468,9.9
663538,"Hoerner, Nico",68.332133045,0.3621212121212121,7.250951682,5.577567838812758,0.322,459,0.8
643446,"McNeil, Jeff",68.303102056,0.2899824253075571,7.178992865,6.82563643000522,0.309,318,1.2
689414,"Hicks, Liam",68.290528968,0.3562753036437247,6.83140917,7.345555979100774,0.31,379,4.0
694384,"Schanuel, Nolan",67.998852505,0.3212237093690248,6.785290382,7.518819950398389,0.331,358,1.9
665926,"Giménez, Andrés",67.990912932,0.2457627118644068,6.974652153,9.012141699772148,0.269,337,4.0
676391,"Clement, Ernie",67.49467235,0.3394777265745007,7.139513687,12.018552381842358,0.275,416,2.5
670623,"Paredes, Isaac",67.466380574,0.2705882352941176,7.801228676,15.532288698413035,0.319,423,5.9
663968,"Mangum, Jake",67.266746929,0.2358318098720292,6.653861188,3.641706704866642,0.282,288,1.4
664770,"Lukes, Nathan",67.227726322,0.2666666666666666,6.396261517,6.605484666959702,0.284,250,1.0
672695,"Perdomo, Geraldo",67.0796225,0.3294701986754967,6.979234735,8.976210547673928,0.328,438,3.2
805367,"Meidroth, Chase",66.94374808,0.2944,6.607943792,10.830537457283476,0.29,422,4.3
802415,"Simpson, Chandler",65.010283728,0.403883495145631,6.55236932,3.517975161502343,0.268,394,0.0
805779,"Wilson, Jacob",64.370275927,0.3226544622425629,6.187310801,4.24931909484442,0.289,278,2.6
650333,"Arraez, Luis",63.261401458,0.4255952380952381,5.900560179,9.111335894249752,0.304,438,0.5
680757,"Kwan, Steven",62.79479789,0.4261603375527426,6.226469515,2.2407754653834,0.321,392,0.3
