"id","name","swings_competitive","percent_swings_competitive","contact","avg_bat_speed","hard_swing_rate","squared_up_per_bat_contact","squared_up_per_swing","blast_per_bat_contact","blast_per_swing","swing_length","swords","batter_run_value","whiffs","whiff_per_swing","batted_ball_events","batted_ball_event_per_swing"
691406,"Caminero, Junior",666,0.9110807113543091,529,"79.869797447",0.8843843843843843,0.30434782608695654,0.24174174174174173,0.2551984877126654,0.20270270270270271,"8.669528709",7,8.704747270386177,137,0.2057057057057057,291,0.4369369369369369
691023,"Walker, Jordan",729,0.9022277227722773,529,"79.15609941",0.8559670781893005,0.29111531190926276,0.2112482853223594,0.22306238185255198,0.16186556927297668,"8.316275583",17,8.306128402740015,200,0.27434842249657065,274,0.37585733882030176
665833,"Cruz, Oneil",447,0.9048582995951417,281,"78.461901745",0.7807606263982102,0.3416370106761566,0.21476510067114093,0.24555160142348753,0.15436241610738255,"7.622225302",7,0.4483385359937325,166,0.3713646532438479,137,0.30648769574944074
701762,"Kurtz, Nick",641,0.905367231638418,417,"78.253253807",0.8081123244929797,0.26618705035971224,0.1731669266770671,0.22062350119904076,0.1435257410296412,"7.748838549",17,-5.14681096868162,224,0.3494539781591264,177,0.27613104524180965
701358,"Smith, Cam",666,0.9024390243902439,482,"77.496753514",0.7627627627627627,0.26348547717842324,0.1906906906906907,0.17634854771784234,0.12762762762762764,"7.703752703",8,-23.98737402917086,184,0.27627627627627627,240,0.36036036036036034
669003,"Mitchell, Garrett",533,0.9080068143100511,352,"77.385724672",0.7842401500938084,0.3039772727272727,0.20075046904315197,0.21022727272727273,0.13883677298311445,"7.229286041",17,-7.6667405800309565,181,0.3395872420262664,176,0.3302063789868668
695506,"Caglianone, Jac",656,0.9023383768913342,476,"77.365694756",0.7621951219512193,0.29831932773109243,0.21646341463414634,0.226890756302521,0.16463414634146342,"7.905919771",11,-5.354702389784835,180,0.27439024390243905,228,0.3475609756097561
666176,"Adell, Jo",808,0.9038031319910514,618,"77.332607822",0.7116336633663365,0.23948220064724918,0.18316831683168316,0.15372168284789645,0.11757425742574257,"7.722093626",21,-18.345440372118258,190,0.23514851485148514,286,0.35396039603960394
575929,"Contreras, Willson",670,0.901749663526245,484,"77.093346716",0.719402985074627,0.2603305785123967,0.1880597014925373,0.17148760330578514,0.12388059701492538,"7.92869009",20,16.846653408879565,186,0.27761194029850744,236,0.3522388059701492
656941,"Schwarber, Kyle",761,0.9016587677725119,531,"77.064996938",0.7463863337713534,0.24105461393596986,0.16819973718791065,0.16760828625235405,0.11695137976346912,"7.48242343",35,5.513508184114103,230,0.30223390275952694,213,0.27989487516425754
695578,"Wood, James",708,0.8996188055908514,509,"76.856732203",0.6850282485875705,0.33988212180746563,0.2443502824858757,0.24165029469548133,0.17372881355932204,"7.41676209",39,1.0568836124260428,199,0.2810734463276836,249,0.3516949152542373
641343,"Bauers, Jake",551,0.90625,408,"76.770000091",0.7132486388384757,0.34558823529411764,0.2558983666061706,0.21568627450980393,0.15970961887477314,"7.670482178",19,-2.662926007131441,143,0.2595281306715064,213,0.38656987295825773
677594,"Rodríguez, Julio",725,0.9051186017478152,539,"76.631629393",0.6744827586206896,0.26716141001855287,0.1986206896551724,0.17810760667903525,0.13241379310344828,"7.789282855",10,-12.14116390397344,186,0.25655172413793104,264,0.3641379310344828
695657,"Montgomery, Colson",709,0.9008894536213469,455,"76.322024344",0.6699576868829339,0.25054945054945055,0.1607898448519041,0.16043956043956045,0.10296191819464035,"7.915049252",22,-10.979142417046019,254,0.35825105782792666,221,0.31170662905500707
665489,"Guerrero Jr., Vladimir",656,0.9060773480662984,536,"76.269826616",0.6265243902439024,0.30597014925373134,0.25,0.19962686567164178,0.16310975609756098,"7.559931387",7,-22.985511845156633,120,0.18292682926829268,304,0.4634146341463415
656305,"Chapman, Matt",550,0.9090909090909091,425,"76.1503758",0.6127272727272727,0.2164705882352941,0.16727272727272727,0.12941176470588237,0.1,"7.370998182",11,-14.164602621265166,125,0.22727272727272727,199,0.3618181818181818
670541,"Alvarez, Yordan",687,0.914780292942743,560,"76.125467889",0.6157205240174671,0.32142857142857145,0.26200873362445415,0.22321428571428573,0.1819505094614265,"7.632189418",5,13.879412389985415,127,0.1848617176128093,284,0.413391557496361
665487,"Tatis Jr., Fernando",668,0.9014844804318488,494,"76.038820868",0.6347305389221556,0.3684210526315789,0.27245508982035926,0.23684210526315788,0.1751497005988024,"7.3276675",21,-9.813430741482797,174,0.26047904191616766,295,0.4416167664670659
663586,"Riley, Austin",736,0.9064039408866995,507,"75.787249361",0.5869565217391304,0.2859960552268245,0.19701086956521738,0.16173570019723865,0.11141304347826086,"7.579777568",18,-28.164360943473927,229,0.3111413043478261,237,0.3220108695652174
682985,"Greene, Riley",751,0.9048192771084337,532,"75.684897923",0.5912117177097204,0.29887218045112784,0.21171770972037285,0.17669172932330826,0.12516644474034622,"7.259483981",12,-8.059537513023546,219,0.29161118508655126,241,0.3209054593874834
804606,"Griffin, Konnor",435,0.9024896265560166,308,"75.645159126",0.5747126436781607,0.2532467532467532,0.1793103448275862,0.1461038961038961,0.10344827586206896,"7.69317246",10,-7.359161775912583,127,0.29195402298850576,150,0.3448275862068966
682998,"Carroll, Corbin",690,0.905511811023622,510,"75.527100913",0.5913043478260871,0.32941176470588235,0.24347826086956523,0.17450980392156862,0.1289855072463768,"7.467445609",4,-7.014974300512227,180,0.2608695652173913,264,0.3826086956521739
669394,"Burger, Jake",675,0.9048257372654156,456,"75.450374667",0.5896296296296295,0.3333333333333333,0.22518518518518518,0.19736842105263158,0.13333333333333333,"7.500457363",22,-9.50512569683736,219,0.3244444444444444,249,0.3688888888888889
682829,"De La Cruz, Elly",567,0.9086538461538461,420,"75.417185379",0.5449735449735451,0.3404761904761905,0.25220458553791886,0.22857142857142856,0.1693121693121693,"7.112914656",10,5.7405113004764425,147,0.25925925925925924,222,0.3915343915343915
696100,"Goodman, Hunter",705,0.9096774193548387,461,"75.402227887",0.5446808510638299,0.2668112798264642,0.17446808510638298,0.16702819956616052,0.10921985815602837,"7.395600582",13,2.6689807012885924,244,0.34609929078014184,204,0.28936170212765955
670042,"Raley, Luke",512,0.9029982363315696,314,"75.27058418",0.572265625,0.30254777070063693,0.185546875,0.18789808917197454,0.115234375,"7.282722891",11,-11.459878553964113,198,0.38671875,155,0.302734375
669065,"Stowers, Kyle",611,0.9065281899109793,414,"75.255015057",0.5450081833060557,0.2995169082125604,0.20294599018003273,0.20531400966183574,0.13911620294599017,"6.788020131",21,-9.208835573317387,197,0.32242225859247137,189,0.309328968903437
669127,"Langeliers, Shea",651,0.9130434782608695,465,"75.237868817",0.5376344086021505,0.3247311827956989,0.23195084485407066,0.17849462365591398,0.12749615975422426,"7.247590676",2,-4.249370081582408,186,0.2857142857142857,239,0.3671274961597542
808959,"Murakami, Munetaka",477,0.9017013232514177,283,"75.210006688",0.5471698113207545,0.3392226148409894,0.20125786163522014,0.24028268551236748,0.14255765199161424,"7.885074465",16,-1.434370758284219,194,0.40670859538784065,135,0.2830188679245283
545361,"Trout, Mike",573,0.9023622047244094,452,"75.100219529",0.5340314136125655,0.27876106194690264,0.2198952879581152,0.17256637168141592,0.13612565445026178,"7.508493473",12,-3.830689461340323,121,0.2111692844677138,202,0.3525305410122164
680776,"Duran, Jarren",682,0.9021164021164021,470,"75.049571994",0.5029325513196483,0.26595744680851063,0.18328445747800587,0.16170212765957448,0.11143695014662756,"7.608449619",20,-28.990672217753453,212,0.31085043988269795,240,0.3519061583577713
624585,"Soler, Jorge",593,0.9039634146341463,384,"74.997127841",0.5193929173693084,0.2604166666666667,0.16863406408094436,0.15885416666666666,0.10286677908937605,"7.898727808",6,-14.6025899938947,209,0.3524451939291737,183,0.3086003372681282
683146,"Baty, Brett",598,0.9046898638426626,440,"74.963480719",0.5418060200668895,0.27954545454545454,0.205685618729097,0.14772727272727273,0.10869565217391304,"7.410198043",19,-20.688451170974737,158,0.26421404682274247,208,0.34782608695652173
621566,"Olson, Matt",797,0.9056818181818181,619,"74.926249235",0.5144291091593475,0.2988691437802908,0.23212045169385195,0.19063004846526657,0.1480552070263488,"7.567242208",17,-1.699403612630021,178,0.2233375156838143,282,0.35382685069008785
686948,"Baldwin, Drake",622,0.9040697674418605,484,"74.909628762",0.5176848874598071,0.3181818181818182,0.24758842443729903,0.19008264462809918,0.14790996784565916,"7.285751511",14,-1.6554833860440565,138,0.22186495176848875,226,0.3633440514469453
663728,"Raleigh, Cal",634,0.9005681818181818,452,"74.901016167",0.526813880126183,0.2013274336283186,0.14353312302839116,0.09513274336283185,0.06782334384858044,"7.87943011",15,-32.354006338988356,182,0.2870662460567823,165,0.26025236593059936
671739,"Harris II, Michael",711,0.9057324840764331,546,"74.89599789",0.50070323488045,0.31135531135531136,0.2390998593530239,0.21245421245421245,0.1631504922644163,"8.173709184",12,0.3287341957641683,165,0.2320675105485232,269,0.37834036568213786
606466,"Marte, Ketel",688,0.9124668435013262,550,"74.774782108",0.4593023255813953,0.33454545454545453,0.26744186046511625,0.19818181818181818,0.15843023255813954,"7.733972907",8,-9.827748391209738,138,0.2005813953488372,312,0.45348837209302323
691718,"Crow-Armstrong, Pete",778,0.9004629629629629,598,"74.76853009",0.5051413881748072,0.27424749163879597,0.21079691516709512,0.16220735785953178,0.12467866323907455,"7.400604653",34,8.938051076420193,180,0.23136246786632392,253,0.32519280205655526
668904,"Lewis, Royce",488,0.9003690036900369,335,"74.74573",0.5122950819672131,0.29253731343283584,0.20081967213114754,0.1582089552238806,0.10860655737704918,"8.012224713",8,-13.000506007256114,153,0.3135245901639344,177,0.36270491803278687
686527,"Canzone, Dominic",465,0.9064327485380117,339,"74.699484882",0.4731182795698925,0.3834808259587021,0.27956989247311825,0.2182890855457227,0.15913978494623657,"7.412726473",9,-1.6000075960779445,126,0.2709677419354839,190,0.40860215053763443
592518,"Machado, Manny",709,0.9031847133757962,535,"74.668293385",0.4499294781382229,0.30280373831775703,0.22849083215796898,0.16261682242990655,0.1227080394922426,"7.880595938",18,-16.58185549129339,174,0.2454160789844852,268,0.37799717912552894
624413,"Alonso, Pete",745,0.9074299634591961,553,"74.663877638",0.47651006711409394,0.32368896925858953,0.24026845637583893,0.21699819168173598,0.1610738255033557,"7.192682725",15,-8.12660980456582,192,0.25771812080536916,262,0.3516778523489933
694212,"Basallo, Samuel",547,0.9041322314049587,388,"74.652811207",0.47531992687385743,0.31958762886597936,0.226691042047532,0.18814432989690721,0.13345521023765997,"7.62466713",16,-5.997128307140696,159,0.2906764168190128,194,0.3546617915904936
660271,"Ohtani, Shohei",690,0.9067017082785808,485,"74.646024565",0.48985507246376814,0.3938144329896907,0.2768115942028985,0.21443298969072164,0.15072463768115943,"7.88496742",9,-3.4005889554128483,205,0.2971014492753623,254,0.3681159420289855
694192,"Chourio, Jackson",515,0.9050966608084359,410,"74.631642136",0.4796116504854369,0.32439024390243903,0.258252427184466,0.17560975609756097,0.13980582524271845,"7.350498757",9,2.3582837276013966,105,0.20388349514563106,200,0.3883495145631068
663993,"Lowe, Nathaniel",424,0.902127659574468,342,"74.585246132",0.44339622641509435,0.22514619883040934,0.18160377358490565,0.14327485380116958,0.11556603773584906,"7.558579434",10,4.3328998936085075,82,0.19339622641509435,147,0.3466981132075472
572233,"Walker, Christian",752,0.8995215311004785,557,"74.429749096",0.4468085106382978,0.2764811490125673,0.2047872340425532,0.15978456014362658,0.11835106382978723,"7.427326011",29,-13.160703334279393,195,0.25930851063829785,270,0.35904255319148937
691016,"Soderstrom, Tyler",555,0.9053833605220228,445,"74.392768108",0.4432432432432433,0.3056179775280899,0.24504504504504504,0.17752808988764046,0.14234234234234233,"7.487297459",10,-13.53225819042,110,0.1981981981981982,230,0.4144144144144144
683002,"Henderson, Gunnar",822,0.9013157894736842,638,"74.373014611",0.44282238442822375,0.2946708463949843,0.22871046228710462,0.14733542319749215,0.11435523114355231,"7.315770973",16,-16.06768392108087,184,0.22384428223844283,305,0.3710462287104623
657757,"Sheets, Gavin",544,0.9036544850498339,449,"74.368159871",0.45955882352941185,0.25389755011135856,0.20955882352941177,0.111358574610245,0.09191176470588236,"7.72259171",18,-12.781009269076893,95,0.17463235294117646,214,0.39338235294117646
666160,"Moniak, Mickey",463,0.9025341130604289,347,"74.360216825",0.46868250539956796,0.3112391930835735,0.23326133909287258,0.13256484149855907,0.09935205183585313,"7.81577419",9,9.48561318546184,116,0.2505399568034557,168,0.36285097192224625
547180,"Harper, Bryce",790,0.9028571428571428,553,"74.316117392",0.47721518987341766,0.298372513562387,0.2088607594936709,0.16817359855334538,0.11772151898734177,"7.394280747",7,-10.475439013407792,237,0.3,269,0.34050632911392403
621439,"Buxton, Byron",615,0.9030837004405287,440,"74.205843577",0.41463414634146345,0.3068181818181818,0.21951219512195122,0.17045454545454544,0.12195121951219512,"7.982199398",14,-3.095225921859334,175,0.2845528455284553,225,0.36585365853658536
682626,"Alvarez, Francisco",435,0.90625,308,"74.201249011",0.44137931034482764,0.3116883116883117,0.2206896551724138,0.19480519480519481,0.13793103448275862,"7.243027011",9,-4.037057881305155,127,0.29195402298850576,155,0.3563218390804598
678246,"Vargas, Miguel",706,0.9062901155327343,570,"74.135210397",0.44900849858356945,0.3385964912280702,0.273371104815864,0.17719298245614035,0.14305949008498584,"7.753451105",3,-10.795040792622629,136,0.19263456090651557,281,0.3980169971671388
671056,"Herrera, Iván",718,0.9100126742712294,586,"73.892625627",0.426183844011142,0.2883959044368601,0.23537604456824512,0.14334470989761092,0.116991643454039,"7.788281017",14,-14.743629403227294,132,0.18384401114206128,287,0.3997214484679666
668709,"Bleday, JJ",518,0.9008695652173913,392,"73.885295849",0.3474903474903474,0.29591836734693877,0.22393822393822393,0.15051020408163265,0.1138996138996139,"7.298625869",17,-3.181618145565221,126,0.24324324324324326,193,0.37258687258687256
695600,"Jensen, Carter",640,0.9014084507042254,480,"73.866140172",0.3765625,0.3125,0.234375,0.15208333333333332,0.1140625,"7.130206953",33,-17.481633046065507,160,0.25,226,0.353125
650490,"Díaz, Yandy",690,0.9067017082785808,603,"73.816151377",0.3971014492753624,0.32338308457711445,0.2826086956521739,0.20398009950248755,0.1782608695652174,"7.595087",9,0.13831671744234308,87,0.12608695652173912,306,0.4434782608695652
677951,"Witt Jr., Bobby",633,0.9029957203994294,484,"73.80004297",0.406003159557662,0.3739669421487603,0.2859399684044234,0.20867768595041322,0.15955766192733017,"6.975369953",14,-4.95569245336034,149,0.2353870458135861,274,0.43285939968404424
677800,"Abreu, Wilyer",775,0.905373831775701,602,"73.779325148",0.37161290322580637,0.3106312292358804,0.24129032258064517,0.1478405315614618,0.11483870967741935,"7.173967213",8,-16.95554199031426,173,0.2232258064516129,288,0.3716129032258065
671277,"García Jr., Luis",603,0.9081325301204819,499,"73.744819884",0.3830845771144279,0.3366733466933868,0.27860696517412936,0.18837675350701402,0.1558872305140962,"7.397834113",9,10.595865259858964,104,0.1724709784411277,258,0.42786069651741293
671732,"Butler, Lawrence",475,0.903041825095057,346,"73.715415179",0.37473684210526315,0.26011560693641617,0.18947368421052632,0.13583815028901733,0.09894736842105263,"7.000220021",10,-26.56870503582347,129,0.27157894736842103,153,0.32210526315789473
664040,"Lowe, Brandon",773,0.89988358556461,529,"73.658847684",0.4010349288486416,0.332703213610586,0.2276843467011643,0.16257088846880907,0.111254851228978,"7.051482445",30,-4.905609146155932,244,0.31565329883570503,258,0.33376455368693403
542303,"Ozuna, Marcell",447,0.9030303030303031,308,"73.56061217",0.37807606263982096,0.288961038961039,0.19910514541387025,0.12987012987012986,0.0894854586129754,"7.488965391",4,-24.22415100666663,139,0.31096196868008946,145,0.3243847874720358
686555,"Collins, Isaac",467,0.9015444015444015,374,"73.555433276",0.33618843683083516,0.32085561497326204,0.2569593147751606,0.1497326203208556,0.11991434689507495,"6.801788522",20,-8.13818296229476,93,0.19914346895074947,205,0.43897216274089934
701538,"Merrill, Jackson",771,0.9049295774647887,575,"73.387193541",0.30350194552529175,0.2782608695652174,0.20752269779507135,0.13391304347826086,0.09987029831387809,"7.569724293",13,-26.02831673483197,196,0.25421530479896237,251,0.32555123216601817
673548,"Suzuki, Seiya",602,0.8998505231689088,457,"73.348886096",0.3637873754152824,0.2800875273522976,0.21262458471760798,0.15317286652078774,0.11627906976744186,"7.252954203",15,-4.2407001632150525,145,0.24086378737541528,222,0.3687707641196013
668901,"Vientos, Mark",450,0.9127789046653144,314,"73.344510089",0.2866666666666666,0.32802547770700635,0.2288888888888889,0.18471337579617833,0.1288888888888889,"7.517232956",12,-11.188713071152307,136,0.3022222222222222,165,0.36666666666666664
676475,"Burleson, Alec",737,0.9054054054054054,602,"73.323600855",0.32428765264586146,0.3504983388704319,0.2862957937584803,0.19102990033222592,0.1560379918588874,"7.580361588",8,-2.7653286814311544,135,0.18317503392130258,312,0.4233378561736771
592663,"Realmuto, J.T.",450,0.9036144578313253,350,"73.302041911",0.3533333333333334,0.35714285714285715,0.2777777777777778,0.14285714285714285,0.1111111111111111,"7.417422333",8,-17.77514666114542,100,0.2222222222222222,180,0.4
672960,"Okamoto, Kazuma",729,0.9011124845488258,510,"73.284426598",0.3607681755829904,0.3215686274509804,0.22496570644718794,0.15294117647058825,0.10699588477366255,"7.914768025",20,-11.11372505226913,219,0.3004115226337449,233,0.3196159122085048
661388,"Contreras, William",604,0.9055472263868066,501,"73.224110927",0.35099337748344384,0.38922155688622756,0.3228476821192053,0.18762475049900199,0.15562913907284767,"7.161556407",11,-14.92167806423577,103,0.17052980132450332,299,0.49503311258278143
679529,"Torkelson, Spencer",673,0.9033557046979865,489,"73.21778214",0.261515601783061,0.2822085889570552,0.2050520059435364,0.13701431492842536,0.09955423476968796,"7.775410371",13,-18.494148740175277,184,0.27340267459138184,218,0.32392273402674593
592885,"Yelich, Christian",479,0.9037735849056604,335,"73.166272171",0.3068893528183716,0.29253731343283584,0.2045929018789144,0.14029850746268657,0.09812108559498957,"7.582228518",6,-18.083549694622523,144,0.30062630480167013,167,0.348643006263048
665862,"Chisholm Jr., Jazz",631,0.9027181688125894,449,"73.12848065",0.30903328050713147,0.32962138084632514,0.23454833597464342,0.1447661469933185,0.10301109350237718,"7.926887369",14,-18.848368130643014,182,0.2884310618066561,209,0.3312202852614897
681624,"Pages, Andy",776,0.899188876013905,621,"73.061158802",0.297680412371134,0.30112721417069244,0.24097938144329897,0.1497584541062802,0.11984536082474227,"7.642177126",14,-12.355424945823644,155,0.19974226804123713,304,0.3917525773195876
543807,"Springer, George",558,0.901453957996769,447,"73.001317025",0.32258064516129037,0.29082774049217003,0.23297491039426524,0.1297539149888143,0.1039426523297491,"7.448214122",18,-8.58784174062094,111,0.1989247311827957,211,0.3781362007168459
650489,"Castro, Willi",664,0.9034013605442177,473,"72.961973735",0.28614457831325285,0.2452431289640592,0.1746987951807229,0.11205073995771671,0.07981927710843373,"7.337118253",8,-14.162728439475408,191,0.2876506024096386,200,0.30120481927710846
662139,"Varsho, Daulton",580,0.9048361934477379,467,"72.881079397",0.27586206896551724,0.24411134903640258,0.19655172413793104,0.10706638115631692,0.08620689655172414,"7.683272379",3,-18.747809243478184,113,0.19482758620689655,218,0.3758620689655172
682928,"Abrams, CJ",746,0.9020556227327691,551,"72.860324625",0.2774798927613941,0.3393829401088929,0.25067024128686327,0.16333938294010888,0.12064343163538874,"7.691648472",20,14.903227366768812,195,0.2613941018766756,278,0.3726541554959786
668804,"Reynolds, Bryan",731,0.9002463054187192,546,"72.856732818",0.31190150478796175,0.304029304029304,0.2270861833105335,0.16117216117216118,0.12038303693570451,"7.000570834",32,-4.294692141947291,185,0.253077975376197,256,0.35020519835841313
665750,"Taveras, Leody",501,0.9027027027027027,374,"72.823896946",0.2734530938123752,0.25668449197860965,0.19161676646706588,0.09358288770053476,0.06986027944111776,"7.50967503",6,-14.664621571394404,127,0.25349301397205587,176,0.35129740518962077
677649,"Duran, Ezequiel",638,0.9011299435028248,480,"72.6871429",0.2664576802507837,0.28125,0.2115987460815047,0.125,0.09404388714733543,"7.130077367",11,-1.00852664688017,158,0.2476489028213166,229,0.35893416927899685
700250,"Rice, Ben",657,0.9049586776859504,511,"72.667773227",0.2526636225266363,0.3679060665362035,0.2861491628614916,0.19569471624266144,0.15220700152207,"7.637365753",8,12.19116735226306,146,0.2222222222222222,260,0.395738203957382
678554,"Mead, Curtis",499,0.8990990990990991,420,"72.585493567",0.2725450901803606,0.3,0.25250501002004005,0.1523809523809524,0.1282565130260521,"7.067050842",8,1.8419397956806731,79,0.15831663326653306,207,0.4148296593186373
669477,"Schmitt, Casey",690,0.9067017082785808,554,"72.543628754",0.2782608695652174,0.33574007220216606,0.26956521739130435,0.16967509025270758,0.13623188405797101,"7.574029913",14,0.14604283377898009,136,0.19710144927536233,282,0.40869565217391307
672724,"Peraza, Oswald",522,0.903114186851211,372,"72.531320747",0.272030651340996,0.26881720430107525,0.19157088122605365,0.12903225806451613,0.09195402298850575,"7.59250136",10,-9.650434406419876,150,0.28735632183908044,170,0.32567049808429116
593428,"Bogaerts, Xander",499,0.9007220216606499,390,"72.48971483",0.28657314629258507,0.34615384615384615,0.27054108216432865,0.13846153846153847,0.10821643286573146,"7.405228437",17,-15.91041351757963,109,0.218436873747495,212,0.4248496993987976
607043,"Nimmo, Brandon",696,0.9027237354085603,544,"72.481268491",0.285919540229885,0.34558823529411764,0.27011494252873564,0.17279411764705882,0.13505747126436782,"6.999029799",17,-15.45569611405505,152,0.21839080459770116,255,0.36637931034482757
701398,"Stewart, Sal",739,0.9045287637698899,558,"72.480424154",0.28552097428958034,0.3154121863799283,0.2381596752368065,0.15591397849462366,0.11772665764546685,"7.592939134",24,-6.584307393856431,181,0.2449255751014885,274,0.37077131258457374
657041,"Thomas, Lane",467,0.9032882011605415,380,"72.474322548",0.2398286937901499,0.32105263157894737,0.26124197002141325,0.1368421052631579,0.11134903640256959,"6.880343683",16,-11.072076271302238,87,0.18629550321199143,189,0.40471092077087795
677942,"Alexander, Blaze",454,0.906187624750499,340,"72.448403326",0.2533039647577093,0.3411764705882353,0.2555066079295154,0.15,0.11233480176211454,"7.455714229",7,-7.221613957661196,114,0.2511013215859031,157,0.3458149779735683
802139,"Wetherholt, JJ",679,0.9077540106951871,552,"72.33680215",0.22238586156111922,0.375,0.30486008836524303,0.14492753623188406,0.11782032400589101,"7.568577894",14,-20.93800067867697,127,0.187039764359352,305,0.4491899852724595
642715,"Adames, Willy",706,0.9028132992327366,522,"72.335498598",0.2563739376770538,0.29310344827586204,0.21671388101983002,0.1206896551724138,0.08923512747875353,"8.187814419",10,-5.946313922951279,184,0.26062322946175637,257,0.3640226628895184
606192,"Hernández, Teoscar",458,0.903353057199211,319,"72.278704039",0.23144104803493448,0.34169278996865204,0.23799126637554585,0.16927899686520376,0.11790393013100436,"7.741819236",11,-12.178383438969789,139,0.3034934497816594,164,0.35807860262008734
671218,"Ramos, Heliot",510,0.9026548672566371,373,"72.205526353",0.24117647058823533,0.3163538873994638,0.23137254901960785,0.1581769436997319,0.11568627450980393,"6.877445216",8,-9.425864043007678,137,0.26862745098039215,169,0.33137254901960783
665161,"Peña, Jeremy",446,0.9046653144016227,325,"72.203996951",0.1367713004484305,0.3384615384615385,0.24663677130044842,0.14461538461538462,0.10538116591928251,"7.438826166",8,1.624604192489545,121,0.2713004484304933,175,0.3923766816143498
678662,"Tovar, Ezequiel",691,0.9009126466753585,489,"72.174819841",0.2170767004341534,0.25153374233128833,0.17800289435600578,0.08997955010224949,0.06367583212735166,"7.617775137",13,-32.77323815163287,202,0.29232995658465993,210,0.30390738060781475
665742,"Soto, Juan",481,0.900749063670412,397,"72.131657401",0.2681912681912682,0.42317380352644834,0.3492723492723493,0.21662468513853905,0.1787941787941788,"7.091708669",26,5.835855432688035,84,0.17463617463617465,222,0.46153846153846156
664023,"Happ, Ian",727,0.9053549190535491,505,"72.066927923",0.19944979367262722,0.28316831683168314,0.19669876203576342,0.14257425742574256,0.09903713892709766,"6.89607099",7,-17.15853748394599,222,0.30536451169188444,219,0.3012379642365887
664034,"France, Ty",506,0.9035714285714286,371,"72.059407174",0.2015810276679842,0.31266846361185985,0.22924901185770752,0.1778975741239892,0.13043478260869565,"7.558158162",17,0.04224903324211127,135,0.26679841897233203,166,0.32806324110671936
686681,"Massey, Michael",461,0.9021526418786693,380,"72.001659414",0.14099783080260306,0.3631578947368421,0.2993492407809111,0.13157894736842105,0.10845986984815618,"7.174086247",10,-4.365140222749381,81,0.175704989154013,202,0.43817787418655096
592626,"Pederson, Joc",507,0.902135231316726,366,"71.96469714",0.1913214990138067,0.3743169398907104,0.2702169625246548,0.17759562841530055,0.1282051282051282,"7.46354929",8,-3.676544420207439,141,0.2781065088757396,186,0.3668639053254438
665019,"Clemens, Kody",640,0.9065155807365439,483,"71.957120344",0.12812500000000002,0.38509316770186336,0.290625,0.17805383022774326,0.134375,"7.167860828",9,-1.955657329559349,157,0.2453125,241,0.3765625
646240,"Devers, Rafael",778,0.9067599067599068,548,"71.924388689",0.22493573264781494,0.34124087591240876,0.2403598971722365,0.18065693430656934,0.12724935732647816,"7.52320518",9,-11.630497334832201,230,0.29562982005141386,248,0.31876606683804626
656555,"Hoskins, Rhys",445,0.9008097165991903,315,"71.923563573",0.17528089887640447,0.29523809523809524,0.20898876404494382,0.11428571428571428,0.08089887640449438,"8.207087079",15,-17.71938619264176,130,0.29213483146067415,135,0.30337078651685395
605137,"Bell, Josh",741,0.9036585365853659,576,"71.921648124",0.25236167341430504,0.3125,0.242914979757085,0.140625,0.10931174089068826,"7.923584602",14,-17.296734561117646,165,0.22267206477732793,271,0.3657219973009447
672640,"Lopez, Otto",638,0.9036827195467422,518,"71.913929044",0.24451410658307207,0.39575289575289574,0.3213166144200627,0.19111969111969113,0.15517241379310345,"6.772227147",16,4.331407795885047,120,0.18808777429467086,308,0.4827586206896552
693307,"Dingler, Dillon",653,0.9044321329639889,523,"71.910429096",0.16998468606431852,0.33460803059273425,0.2679938744257274,0.16634799235181644,0.1332312404287902,"7.646682466",9,10.048889742799336,130,0.1990811638591118,252,0.38591117917304746
690993,"Keith, Colt",444,0.9079754601226994,359,"71.847204414",0.19144144144144143,0.39275766016713093,0.31756756756756754,0.17548746518105848,0.14189189189189189,"6.840993559",11,-11.735579443499006,85,0.19144144144144143,205,0.4617117117117117
663616,"Larnach, Trevor",477,0.9,360,"71.82198501",0.19287211740041926,0.31666666666666665,0.2389937106918239,0.14444444444444443,0.1090146750524109,"7.227010377",9,-1.4873755973270968,117,0.24528301886792453,194,0.40670859538784065
681481,"Carpenter, Kerry",454,0.899009900990099,338,"71.787548326",0.16519823788546253,0.28994082840236685,0.21585903083700442,0.10946745562130178,0.08149779735682819,"7.394228546",8,-11.344393418141946,116,0.2555066079295154,151,0.33259911894273125
666969,"García, Adolis",439,0.9051546391752577,301,"71.704877722",0.2574031890660592,0.3521594684385382,0.24145785876993167,0.14950166112956811,0.10250569476082004,"7.69028713",9,-22.497181130798623,138,0.3143507972665148,143,0.32574031890660593
680574,"McLain, Matt",463,0.9025341130604289,342,"71.703554838",0.12958963282937364,0.3391812865497076,0.2505399568034557,0.13742690058479531,0.10151187904967603,"6.914536631",12,-23.00233531629232,121,0.2613390928725702,171,0.3693304535637149
702284,"Young, Cole",700,0.9032258064516129,575,"71.701763157",0.2257142857142857,0.32869565217391306,0.27,0.12347826086956522,0.10142857142857142,"6.958474071",11,-16.36872416406241,125,0.17857142857142858,294,0.42
607208,"Turner, Trea",786,0.9118329466357309,582,"71.694595814",0.1984732824427481,0.33676975945017185,0.24936386768447838,0.11683848797250859,0.08651399491094147,"7.630075102",13,-24.56394195740514,204,0.2595419847328244,296,0.37659033078880405
521692,"Perez, Salvador",776,0.9033760186263097,599,"71.651015245",0.18943298969072164,0.3088480801335559,0.23840206185567012,0.13856427378964942,0.10695876288659793,"7.70704875",14,-28.671935267137428,177,0.22809278350515463,286,0.36855670103092786
553993,"Suárez, Eugenio",508,0.900709219858156,341,"71.628309764",0.18700787401574806,0.2697947214076246,0.18110236220472442,0.10850439882697947,0.07283464566929133,"7.755348898",25,-9.266028117803208,167,0.328740157480315,153,0.30118110236220474
571970,"Muncy, Max",560,0.9076175040518638,406,"71.552164018",0.14107142857142857,0.3497536945812808,0.25357142857142856,0.16009852216748768,0.11607142857142858,"6.950337875",10,-3.4809614443801946,154,0.275,206,0.3678571428571429
672515,"Moreno, Gabriel",517,0.9038461538461539,440,"71.525593501",0.22437137330754356,0.34545454545454546,0.2940038684719536,0.1409090909090909,0.11992263056092843,"7.025957041",9,1.2002033005881008,77,0.14893617021276595,221,0.4274661508704062
621020,"Swanson, Dansby",642,0.901685393258427,458,"71.519291106",0.09813084112149531,0.3777292576419214,0.26947040498442365,0.1462882096069869,0.1043613707165109,"7.600017804",16,-12.24211012496889,184,0.2866043613707165,243,0.37850467289719625
669016,"Marsh, Brandon",693,0.90234375,527,"71.468548773",0.16017316017316022,0.3206831119544592,0.24386724386724387,0.15180265654648956,0.11544011544011544,"7.268190043",3,-2.5289801520351247,166,0.23953823953823955,256,0.3694083694083694
800050,"DeLauter, Chase",541,0.9061976549413735,469,"71.435680425",0.18299445471349352,0.39232409381663114,0.34011090573012936,0.18763326226012794,0.16266173752310537,"7.090456285",17,-10.894606264877401,72,0.133086876155268,261,0.4824399260628466
571448,"Arenado, Nolan",600,0.8995502248875562,471,"71.402314817",0.1566666666666667,0.2908704883227176,0.22833333333333333,0.08917197452229299,0.07,"8.400896067",21,-16.060376960053915,129,0.215,230,0.38333333333333336
641487,"Crawford, J.P.",511,0.8996478873239436,422,"71.365373757",0.1859099804305284,0.33886255924170616,0.27984344422700586,0.11374407582938388,0.09393346379647749,"7.360926145",5,-18.013748161017666,89,0.17416829745596868,213,0.41682974559686886
663656,"Tucker, Kyle",702,0.9011553273427471,558,"71.313914544",0.19658119658119658,0.32974910394265233,0.2621082621082621,0.1039426523297491,0.08262108262108261,"7.365604558",10,-18.49823392534603,144,0.20512820512820512,267,0.3803418803418803
502671,"Goldschmidt, Paul",493,0.90625,365,"71.271737383",0.13995943204868155,0.3150684931506849,0.2332657200811359,0.13972602739726028,0.10344827586206896,"7.537618661",3,2.733330654512156,128,0.25963488843813387,183,0.3711967545638945
573262,"Yastrzemski, Mike",426,0.9044585987261147,333,"71.266748545",0.07276995305164322,0.3633633633633634,0.284037558685446,0.12912912912912913,0.10093896713615023,"7.465346761",11,-13.97258999258855,93,0.21830985915492956,167,0.392018779342723
805808,"McGonigle, Kevin",694,0.9036458333333334,589,"71.261735",0.1714697406340057,0.35823429541595925,0.30403458213256485,0.12393887945670629,0.10518731988472622,"6.941910014",11,-16.759644317731826,105,0.15129682997118155,301,0.43371757925072046
668715,"Steer, Spencer",610,0.9023668639053254,464,"71.18110841",0.08360655737704917,0.3448275862068966,0.26229508196721313,0.15301724137931033,0.11639344262295082,"7.376041541",9,-13.243337445488661,146,0.23934426229508196,241,0.3950819672131147
682177,"Schneemann, Daniel",487,0.9018518518518519,343,"71.169349487",0.11498973305954828,0.3032069970845481,0.2135523613963039,0.12244897959183673,0.08624229979466119,"7.051592444",12,-17.514300050387998,144,0.29568788501026694,160,0.32854209445585214
609280,"Andujar, Miguel",432,0.9018789144050104,356,"71.167532037",0.19212962962962965,0.31179775280898875,0.2569444444444444,0.11235955056179775,0.09259259259259259,"7.556435347",9,-8.955986224900197,76,0.17592592592592593,176,0.4074074074074074
687263,"Neto, Zach",820,0.9010989010989011,561,"71.139586951",0.1329268292682927,0.2994652406417112,0.2048780487804878,0.10160427807486631,0.06951219512195123,"7.098170268",26,-13.430866931223086,259,0.31585365853658537,233,0.2841463414634146
691026,"Winn, Masyn",590,0.9035222052067381,463,"71.129420576",0.14745762711864413,0.35205183585313177,0.27627118644067794,0.1447084233261339,0.1135593220338983,"7.310359271",6,-19.708276249269915,127,0.21525423728813559,259,0.43898305084745765
701807,"Benge, Carson",668,0.9014844804318488,525,"71.11255503",0.18712574850299402,0.3295238095238095,0.25898203592814373,0.13904761904761906,0.1092814371257485,"6.548036317",21,-17.81129069781834,143,0.21407185628742514,260,0.38922155688622756
682657,"Martínez, Angel",430,0.899581589958159,347,"71.104917605",0.16279069767441864,0.2824207492795389,0.22790697674418606,0.11527377521613832,0.09302325581395349,"7.347118",8,-9.699025084625069,83,0.1930232558139535,154,0.3581395348837209
663886,"Stephenson, Tyler",438,0.9049586776859504,333,"71.091447991",0.10045662100456623,0.35435435435435436,0.2694063926940639,0.15315315315315314,0.11643835616438356,"7.438800091",15,-13.874050583319454,105,0.23972602739726026,164,0.3744292237442922
608348,"Kelly, Carson",427,0.9046610169491526,341,"71.038926674",0.10070257611241222,0.36070381231671556,0.28805620608899296,0.1466275659824047,0.117096018735363,"6.962022529",4,-6.28493427302312,86,0.20140515222482436,181,0.4238875878220141
664983,"McCarthy, Jake",551,0.9003267973856209,424,"71.033404537",0.1252268602540835,0.3160377358490566,0.24319419237749546,0.09669811320754718,0.07441016333938294,"7.082048004",5,-2.6289716968207415,127,0.23049001814882034,227,0.41197822141560797
668227,"Arozarena, Randy",689,0.8994778067885117,506,"70.901242525",0.22496371552975328,0.35968379446640314,0.2641509433962264,0.15019762845849802,0.11030478955007257,"7.185468186",9,-10.832992045103753,183,0.2656023222060958,241,0.3497822931785196
656811,"O'Hearn, Ryan",613,0.9094955489614244,490,"70.849009005",0.09461663947797713,0.336734693877551,0.26916802610114193,0.12448979591836734,0.09951060358890701,"7.149815938",10,-2.323727506963097,123,0.200652528548124,238,0.38825448613376834
545121,"Vargas, Ildemaro",476,0.8998109640831758,415,"70.840018782",0.16176470588235295,0.38072289156626504,0.3319327731092437,0.13975903614457832,0.12184873949579832,"7.373011239",8,-4.802454605260129,61,0.12815126050420167,246,0.5168067226890757
663837,"Vierling, Matt",463,0.9060665362035225,380,"70.835871922",0.07559395248380131,0.3526315789473684,0.2894168466522678,0.13157894736842105,0.1079913606911447,"7.422503456",2,-19.18991347154956,83,0.17926565874730022,205,0.4427645788336933
695734,"Lile, Daylen",756,0.907563025210084,593,"70.811815833",0.08201058201058205,0.33895446880269814,0.26587301587301587,0.12310286677908938,0.09656084656084656,"7.473841085",10,-20.676489397179257,163,0.2156084656084656,299,0.3955026455026455
693304,"Gonzales, Nick",703,0.9024390243902439,543,"70.71381478",0.12375533428165003,0.2983425414364641,0.23044096728307253,0.11049723756906077,0.08534850640113797,"7.41863643",11,-2.8019898675368804,160,0.22759601706970128,269,0.38264580369843526
656775,"Mullins, Cedric",591,0.9022900763358779,455,"70.655371066",0.07783417935702198,0.3208791208791209,0.2470389170896785,0.0945054945054945,0.0727580372250423,"7.397995093",8,-29.67652482286665,136,0.23011844331641285,209,0.3536379018612521
664761,"Bohm, Alec",613,0.9068047337278107,517,"70.648992072",0.10277324632952689,0.4081237911025145,0.3442088091353997,0.14893617021276595,0.12561174551386622,"7.199615171",6,-19.324609880395524,96,0.1566068515497553,293,0.47797716150081565
805300,"Marsee, Jakob",566,0.9027113237639554,472,"70.534909011",0.0724381625441696,0.3050847457627119,0.254416961130742,0.09110169491525423,0.07597173144876325,"6.749596837",18,-24.289776207515843,94,0.16607773851590105,231,0.4081272084805654
673962,"Jung, Josh",588,0.9060092449922958,491,"70.519030306",0.09013605442176865,0.38289205702647655,0.3197278911564626,0.15274949083503056,0.12755102040816327,"7.007025289",13,-6.75209401412125,97,0.1649659863945578,262,0.445578231292517
663757,"Grisham, Trent",465,0.9064327485380117,396,"70.439314602",0.07526881720430106,0.42676767676767674,0.3634408602150538,0.18434343434343434,0.15698924731182795,"7.352437591",5,-17.237557465657943,69,0.14838709677419354,220,0.4731182795698925
518692,"Freeman, Freddie",831,0.906215921483097,666,"70.43917799",0.08664259927797832,0.32732732732732733,0.26233453670276774,0.14264264264264265,0.11432009626955475,"6.734606462",13,-12.544940548422023,165,0.19855595667870035,299,0.35980746089049337
691720,"Karros, Kyle",544,0.9036544850498339,423,"70.334228566",0.06985294117647058,0.3120567375886525,0.2426470588235294,0.11347517730496454,0.08823529411764706,"7.026414688",24,-12.20538052469775,121,0.22242647058823528,198,0.3639705882352941
686469,"Pasquantino, Vinnie",548,0.9013157894736842,470,"70.313285292",0.09489051094890516,0.3170212765957447,0.2718978102189781,0.12340425531914893,0.10583941605839416,"7.302269891",10,-18.079952514599096,78,0.14233576642335766,218,0.3978102189781022
647304,"Naylor, Josh",626,0.9007194244604316,522,"70.223760208",0.08785942492012783,0.3850574712643678,0.3210862619808307,0.13984674329501914,0.11661341853035144,"7.553776965",10,-23.024361254229163,104,0.16613418530351437,300,0.4792332268370607
687859,"Johnston, Troy",535,0.9037162162162162,416,"70.209480374",0.059813084112149514,0.3870192307692308,0.30093457943925234,0.13942307692307693,0.10841121495327102,"6.798831047",5,-13.154066164273265,119,0.22242990654205608,222,0.41495327102803736
686797,"Lee, Brooks",699,0.9019354838709678,565,"70.125279514",0.08011444921316166,0.3327433628318584,0.26895565092989987,0.09380530973451327,0.07582260371959942,"7.006627196",21,-13.030097651282963,134,0.1917024320457797,278,0.3977110157367668
701675,"Church, Nathan",533,0.9018612521150592,409,"70.096684203",0.09568480300187619,0.2665036674816626,0.2045028142589118,0.10268948655256724,0.07879924953095685,"7.205681501",5,-21.567937507646935,124,0.2326454033771107,180,0.33771106941838647
677587,"Rocchio, Brayan",672,0.900804289544236,524,"70.085985298",0.0744047619047619,0.32633587786259544,0.2544642857142857,0.09541984732824428,0.0744047619047619,"7.316706994",10,-16.692207836930617,148,0.22023809523809523,275,0.40922619047619047
668930,"Turang, Brice",695,0.9014267185473411,561,"70.079963194",0.10071942446043167,0.3333333333333333,0.26906474820143883,0.14260249554367202,0.11510791366906475,"6.759776144",13,-0.34850455587707896,134,0.19280575539568345,253,0.3640287769784173
666182,"Bichette, Bo",764,0.8998822143698468,625,"70.071089974",0.1505235602094241,0.3248,0.26570680628272253,0.136,0.11125654450261781,"7.209575681",5,-22.711084073115416,139,0.18193717277486912,299,0.3913612565445026
608070,"Ramírez, José",546,0.9039735099337748,458,"70.031430989",0.12087912087912084,0.3056768558951965,0.2564102564102564,0.12663755458515283,0.10622710622710622,"7.238935128",4,-16.398129074976552,88,0.16117216117216118,211,0.38644688644688646
803011,"Antonacci, Sam",507,0.9037433155080213,434,"69.994876391",0.08678500986193294,0.3248847926267281,0.2781065088757396,0.10368663594470046,0.08875739644970414,"6.749548895",5,-9.73789859021576,73,0.14398422090729784,220,0.4339250493096647
681082,"Stott, Bryson",602,0.9025487256371814,496,"69.974874419",0.06478405315614619,0.3709677419354839,0.30564784053156147,0.13911290322580644,0.11461794019933555,"7.257062342",12,-8.581101249211251,106,0.1760797342192691,263,0.4368770764119601
666018,"Aranda, Jonathan",709,0.9031847133757962,562,"69.892457687",0.11424541607898449,0.35587188612099646,0.2820874471086037,0.14590747330960854,0.1156558533145275,"7.077272736",14,-3.313539296444036,147,0.2073342736248237,257,0.3624823695345557
643217,"Benintendi, Andrew",551,0.9032786885245901,399,"69.890883793",0.04900181488203268,0.3558897243107769,0.2577132486388385,0.13533834586466165,0.09800362976406533,"7.127824319",11,-17.481566598209632,152,0.27586206896551724,201,0.3647912885662432
700932,"Manzardo, Kyle",571,0.9034810126582279,416,"69.830357233",0.06479859894921192,0.3269230769230769,0.2381786339754816,0.11057692307692307,0.08056042031523643,"7.35666028",10,-16.95906857587482,155,0.2714535901926445,184,0.3222416812609457
608324,"Bregman, Alex",675,0.9024064171122995,578,"69.797388311",0.0325925925925926,0.3719723183391003,0.31851851851851853,0.10034602076124567,0.08592592592592592,"6.984017748",14,-21.058186212476382,97,0.1437037037037037,310,0.45925925925925926
671976,"Peters, Tristan",521,0.8998272884283247,407,"69.79406499",0.072936660268714,0.3366093366093366,0.2629558541266795,0.11056511056511056,0.08637236084452975,"6.843831017",9,-7.2833540471859575,114,0.21880998080614203,191,0.3666026871401152
683953,"Bazzana, Travis",493,0.9012797074954296,374,"69.785613874",0.12981744421906696,0.3342245989304813,0.2535496957403651,0.09358288770053476,0.07099391480730223,"7.019869006",17,-13.66007813564857,119,0.2413793103448276,180,0.36511156186612576
678882,"Rafaela, Ceddanne",736,0.9008567931456548,564,"69.774806155",0.07608695652173912,0.324468085106383,0.24864130434782608,0.08687943262411348,0.06657608695652174,"7.326818954",14,-0.5010014598366432,172,0.23369565217391305,278,0.37771739130434784
641355,"Bellinger, Cody",673,0.9009370816599732,550,"69.484614071",0.029717682020802386,0.38545454545454544,0.3150074294205052,0.12363636363636364,0.10104011887072809,"7.865399881",9,-9.225257525217351,123,0.1827637444279346,286,0.424962852897474
696285,"Young, Jacob",443,0.9040816326530612,354,"69.419975395",0.02483069977426636,0.4406779661016949,0.35214446952595935,0.1497175141242938,0.11963882618510158,"7.189926727",9,-4.085751541070352,89,0.20090293453724606,217,0.4898419864559819
807712,"Keaschall, Luke",517,0.9006968641114983,440,"69.327604371",0.09864603481624758,0.3181818181818182,0.27079303675048355,0.07272727272727272,0.061895551257253385,"6.756423868",22,-21.59018064441665,77,0.14893617021276595,237,0.4584139264990329
702332,"Durbin, Caleb",534,0.902027027027027,467,"69.230475037",0.06367041198501873,0.32548179871520344,0.2846441947565543,0.08565310492505353,0.0749063670411985,"6.974652528",16,-12.912899905252111,67,0.1254681647940075,249,0.46629213483146065
643289,"Dubón, Mauricio",711,0.9,610,"69.0430618",0.035161744022503535,0.3262295081967213,0.279887482419128,0.08032786885245902,0.06891701828410689,"7.62634135",11,-9.959742001868063,101,0.1420534458509142,298,0.4191279887482419
645277,"Albies, Ozzie",805,0.9004474272930649,634,"68.947787143",0.05465838509316771,0.3438485804416404,0.2708074534161491,0.08201892744479496,0.06459627329192547,"7.166070211",13,-20.941845683333007,171,0.2124223602484472,311,0.38633540372670805
681198,"Rumfield, TJ",668,0.9002695417789758,534,"68.882776257",0.08383233532934131,0.301498127340824,0.2410179640718563,0.08801498127340825,0.07035928143712575,"6.565144955",11,-8.065394368238602,134,0.20059880239520958,271,0.405688622754491
702222,"Crawford, Justin",533,0.9049235993208828,434,"68.855390938",0.05065666041275797,0.3064516129032258,0.24953095684803,0.0967741935483871,0.07879924953095685,"6.981709644",4,-12.187964577789066,99,0.18574108818011256,206,0.38649155722326456
676609,"Caballero, José",559,0.9001610305958132,410,"68.819065617",0.06976744186046512,0.2975609756097561,0.2182468694096601,0.06585365853658537,0.04830053667262969,"6.805650698",9,-11.431205653456995,149,0.26654740608228983,191,0.3416815742397138
514888,"Altuve, Jose",508,0.900709219858156,395,"68.764766299",0.09055118110236224,0.3620253164556962,0.281496062992126,0.09620253164556962,0.07480314960629922,"7.606813307",9,-5.424459513444381,113,0.22244094488188976,216,0.4251968503937008
642086,"Smith, Dominic",426,0.9006342494714588,354,"68.731181268",0.05633802816901409,0.3615819209039548,0.3004694835680751,0.10451977401129943,0.08685446009389672,"6.874808099",13,-13.64202991004979,72,0.16901408450704225,185,0.43427230046948356
543760,"Semien, Marcus",581,0.8993808049535603,458,"68.680709621",0.0189328743545611,0.3384279475982533,0.2667814113597246,0.08951965065502183,0.07056798623063683,"7.81246704",20,-26.501229637650226,123,0.2117039586919105,227,0.39070567986230637
656716,"McKinstry, Zach",442,0.9057377049180327,373,"68.667314389",0.056561085972850686,0.2975871313672922,0.251131221719457,0.06702412868632708,0.05656108597285068,"6.720772624",6,-16.07161779755226,69,0.15610859728506787,179,0.40497737556561086
683083,"Nuñez, Nasim",552,0.8990228013029316,442,"68.544020417",0.04166666666666667,0.2737556561085973,0.21920289855072464,0.06108597285067873,0.04891304347826087,"6.761604167",17,-24.0055930554439,110,0.19927536231884058,203,0.3677536231884058
669364,"Edwards, Xavier",644,0.9019607843137255,540,"68.49162882",0.02484472049689442,0.3851851851851852,0.32298136645962733,0.07777777777777778,0.06521739130434782,"6.530360342",11,-14.460889900742496,104,0.16149068322981366,300,0.4658385093167702
808982,"Lee, Jung Hoo",575,0.9012539184952978,512,"68.393019165",0.027826086956521737,0.4140625,0.36869565217391304,0.095703125,0.08521739130434783,"7.740669165",4,-4.970287017540993,63,0.10956521739130434,303,0.5269565217391304
621493,"Ward, Taylor",598,0.9006024096385542,495,"68.347899181",0.030100334448160532,0.4101010101010101,0.3394648829431438,0.12121212121212122,0.10033444816053512,"6.889248361",15,-18.532222911297293,103,0.17224080267558528,265,0.4431438127090301
683737,"Busch, Michael",708,0.8996188055908514,532,"68.336114294",0.04378531073446328,0.37969924812030076,0.2853107344632768,0.12969924812030076,0.09745762711864407,"6.99722709",17,-20.71734559815402,176,0.24858757062146894,258,0.3644067796610169
663538,"Hoerner, Nico",660,0.9041095890410958,597,"68.332133045",0.013636363636363636,0.40033500837520936,0.3621212121212121,0.07705192629815745,0.0696969696969697,"7.250951682",11,-23.53551309606825,63,0.09545454545454546,351,0.5318181818181819
643446,"McNeil, Jeff",569,0.9031746031746032,495,"68.303102056",0.03163444639718805,0.3333333333333333,0.28998242530755713,0.05858585858585859,0.050966608084358524,"7.178992865",9,-22.13858069348492,74,0.13005272407732865,233,0.4094903339191564
689414,"Hicks, Liam",494,0.8998178506375227,449,"68.290528968",0.04453441295546558,0.39198218262806234,0.3562753036437247,0.12026726057906459,0.10931174089068826,"6.83140917",7,-8.156376465980365,45,0.09109311740890688,270,0.5465587044534413
694384,"Schanuel, Nolan",523,0.9001721170395869,443,"67.998852505",0.06118546845124284,0.3792325056433409,0.32122370936902483,0.08803611738148984,0.0745697896749522,"6.785290382",14,-11.721678546517708,80,0.15296367112810708,238,0.45506692160611856
665926,"Giménez, Andrés",590,0.899390243902439,435,"67.990912932",0.03559322033898306,0.3333333333333333,0.2457627118644068,0.059770114942528735,0.04406779661016949,"6.974652153",12,-24.41497264528243,155,0.2627118644067797,213,0.3610169491525424
676391,"Clement, Ernie",651,0.9004149377593361,560,"67.49467235",0.029185867895545326,0.39464285714285713,0.33947772657450076,0.05892857142857143,0.05069124423963134,"7.139513687",22,-3.2187636080835196,91,0.13978494623655913,322,0.4946236559139785
670623,"Paredes, Isaac",680,0.8994708994708994,569,"67.466380574",0.06617647058823531,0.3233743409490334,0.27058823529411763,0.07205623901581722,0.060294117647058824,"7.801228676",6,-16.2652733857771,111,0.16323529411764706,255,0.375
663968,"Mangum, Jake",547,0.899671052631579,434,"67.266746929",0.03107861060329067,0.29723502304147464,0.23583180987202926,0.059907834101382486,0.04753199268738574,"6.653861188",10,-4.7289788504215595,113,0.20658135283363802,192,0.3510054844606947
664770,"Lukes, Nathan",435,0.9006211180124224,354,"67.227726322",0.03678160919540229,0.327683615819209,0.26666666666666666,0.07627118644067797,0.06206896551724138,"6.396261517",5,-9.02570723010568,81,0.18620689655172415,167,0.3839080459770115
672695,"Perdomo, Geraldo",604,0.8988095238095238,533,"67.0796225",0.011589403973509936,0.37335834896810505,0.3294701986754967,0.07317073170731707,0.06456953642384106,"6.979234735",12,-23.07111367311479,71,0.11754966887417219,276,0.45695364238410596
805367,"Meidroth, Chase",625,0.9005763688760807,514,"66.94374808",0.0096,0.35797665369649806,0.2944,0.08171206225680934,0.0672,"6.607943792",13,-9.844406083423081,111,0.1776,240,0.384
802415,"Simpson, Chandler",515,0.9003496503496503,468,"65.010283728",0.0038834951456310682,0.4444444444444444,0.40388349514563104,0.029914529914529916,0.027184466019417475,"6.55236932",7,-11.906593700350733,47,0.0912621359223301,291,0.5650485436893203
805779,"Wilson, Jacob",437,0.8991769547325102,378,"64.370275927",0.004576659038901602,0.373015873015873,0.32265446224256294,0.06084656084656084,0.05263157894736842,"6.187310801",7,-4.9828211278288,59,0.13501144164759726,199,0.45537757437070936
650333,"Arraez, Luis",672,0.900804289544236,619,"63.261401458",0,0.4620355411954766,0.4255952380952381,0.01938610662358643,0.017857142857142856,"5.900560179",2,-7.6349883982462305,53,0.07886904761904762,334,0.49702380952380953
680757,"Kwan, Steven",474,0.8994307400379506,443,"62.79479789",0.0021097046413502112,0.45598194130925507,0.42616033755274263,0.01805869074492099,0.016877637130801686,"6.226469515",4,-19.003298879558137,31,0.06540084388185655,263,0.5548523206751055