"id","name","side","avg_bat_speed","swing_tilt","attack_angle","attack_direction","ideal_attack_angle_rate","avg_intercept_y_vs_plate","avg_intercept_y_vs_batter","avg_batter_y_position","avg_batter_x_position","competitive_swings"
691406,"Caminero, Junior","R","79.869797447",24.301682535122858,8.174151383612385,-5.865022607422446,0.6216216216216217,9.913034576465089,37.57254596729751,27.659511390832396,29.13717722669068,666
691023,"Walker, Jordan","R","79.15609941",29.950831029158977,7.581197235531791,-5.232376703144676,0.5253772290809329,4.730422405826473,31.405156720954043,26.674734315127566,32.21336901004495,729
665833,"Cruz, Oneil","L","78.461901745",33.185598749703395,7.844961108299858,-6.5580756583533715,0.43400447427293076,6.588365295589291,34.62383562546545,28.035470329876162,26.575190643887904,447
701762,"Kurtz, Nick","L","78.253253807",37.67595808858364,12.745005359804926,4.380675820375332,0.5023400936037441,0.8431432251134063,23.80470535780893,22.961562132695523,29.28137768727944,641
701358,"Smith, Cam","R","77.496753514",32.95353184437409,10.800132481725116,-5.598803008611195,0.4714714714714715,3.259966440904308,33.12995903563426,29.86999259472995,31.185097030356424,666
669003,"Mitchell, Garrett","L","77.385724672",30.89312857039731,9.79195660405677,6.8086167346121504,0.6097560975609757,-1.101069912804971,28.53001167860099,29.63108159140596,29.014516196715455,533
695506,"Caglianone, Jac","L","77.365694756",30.503044645007826,10.05925791302939,-1.640678809521965,0.4435975609756096,7.373861628474852,29.718051072795788,22.344189444320936,29.955026379869434,656
666176,"Adell, Jo","R","77.332607822",35.441189132109955,9.718931861918515,-4.99187725950096,0.4826732673267328,1.0498729575933774,26.77755005756829,25.72767709997492,27.090483799333875,808
575929,"Contreras, Willson","R","77.093346716",33.75451831755834,11.403288492458202,-8.191515859664365,0.5119402985074627,5.265832429233563,31.990903159055346,26.725070729821788,27.300485944029802,670
656941,"Schwarber, Kyle","L","77.064996938",29.39861878847619,14.635467488023517,-9.576946765357938,0.6754270696452037,15.157651502202304,35.21955789099035,20.061906388788056,25.202535533607364,761
695578,"Wood, James","L","76.856732203",39.08301029013167,11.689732837472796,0.7246412205622211,0.4322033898305085,4.254612178733775,35.05559862672723,30.800986447993463,27.52945609483228,708
641343,"Bauers, Jake","L","76.770000091",34.60049745396874,10.7657356922414,-1.3684376891560166,0.49727767695099806,-4.420260747668725,28.400681037391653,32.82094178506038,27.838723204125476,551
677594,"Rodríguez, Julio","R","76.631629393",31.191220279555225,8.358038570457646,-5.841429400935204,0.49517241379310345,12.913830761176317,33.77729141210838,20.86346065093205,29.774713286303818,725
695657,"Montgomery, Colson","L","76.322024344",33.674198515292595,13.145740527084879,-8.4937054341483,0.5176304654442877,4.6341661511657275,33.25281620463694,28.61865005347121,27.78349742812131,709
665489,"Guerrero Jr., Vladimir","R","76.269826616",28.425286825969515,1.2635370828361556,-3.485565210930277,0.31554878048780494,5.256853882238701,33.919687990660925,28.662834108422228,28.945420149161045,656
656305,"Chapman, Matt","R","76.1503758",25.5758686666583,3.7191265177600914,-1.772058893540003,0.4309090909090909,-1.0894829327451931,26.20540175997511,27.2948846927203,28.482295236550016,550
670541,"Alvarez, Yordan","L","76.125467889",36.51383426416187,8.070897557516666,-4.6397774343498295,0.4512372634643377,7.845392910961389,35.081010895040485,27.235617984079084,28.94401957965348,687
665487,"Tatis Jr., Fernando","R","76.038820868",29.11486830627291,7.076864964202546,2.586301246757443,0.5508982035928142,3.4191543461946967,30.0821047654603,26.662950419265616,29.42623733929791,668
663586,"Riley, Austin","R","75.787249361",31.704790702394348,11.488965801961296,-5.263644611579255,0.46059782608695643,6.721399611314887,35.67095176348423,28.949552152169346,28.85896094817153,736
682985,"Greene, Riley","L","75.684897923",44.09709725099889,15.576177563776731,-0.8042902689336217,0.4474034620505992,2.5161619512813833,33.310640864610356,30.794478913328962,24.541366638975628,751
804606,"Griffin, Konnor","R","75.645159126",32.719553521792356,9.543564098030679,-1.2605462699261585,0.44827586206896547,3.3328084222065195,32.64181908456092,29.309010662354403,30.510373218366098,435
682998,"Carroll, Corbin","L","75.527100913",26.12192488489354,10.723197596241087,1.2971730163988535,0.6594202898550725,3.543475753958185,33.93868662986517,30.39521087590699,31.00496821983469,690
669394,"Burger, Jake","R","75.450374667",25.843456844459574,9.379907744773417,-8.19135895672042,0.5955555555555557,10.129726684451944,32.49793773983696,22.368211055385025,31.291857354065765,675
682829,"De La Cruz, Elly","R","75.417185379",34.5622368924513,8.388058511702681,1.3906079701506944,0.5097001763668432,7.7571231760879735,36.78906645472167,29.0319432786337,29.219779393119964,567
696100,"Goodman, Hunter","R","75.402227887",24.469338128808516,14.540853387034467,-6.8098400003427235,0.6368794326241135,10.467449260876712,38.6753042717704,28.207855010893702,30.143692037686982,705
670042,"Raley, Luke","L","75.27058418",31.238686192993523,14.785828851338737,-3.3881403712582596,0.5937500000000001,3.2599381965367926,32.585313708622,29.325375512085213,28.334986564075113,512
669065,"Stowers, Kyle","L","75.255015057",33.0401995130243,14.850521677285705,-2.358195582258369,0.546644844517185,4.505277322659385,34.10391947670978,29.598642154050395,29.5893468329765,611
669127,"Langeliers, Shea","R","75.237868817",31.20389784388833,11.953736219046473,-2.4146311074399605,0.6190476190476194,6.269433317385305,34.824579507950176,28.555146190564876,30.940975261393383,651
808959,"Murakami, Munetaka","L","75.210006688",35.414869803861485,18.871285295153303,-1.7295299517052503,0.4444444444444444,4.808216231858588,33.650680270316535,28.842464038457944,27.49095288054861,477
545361,"Trout, Mike","R","75.100219529",35.63882644574199,7.236959187697023,-2.156244864040831,0.45026178010471196,-1.7874910514130076,26.096117762334895,27.8836088137479,24.505077669983027,573
680776,"Duran, Jarren","L","75.049571994",27.57844010525964,6.1501471813327075,-2.4974724580060883,0.4428152492668621,5.437898564782279,34.110816198446024,28.672917633663737,29.55326770828411,682
624585,"Soler, Jorge","R","74.997127841",34.1961617255666,11.849320825147139,-7.724148027002539,0.5295109612141653,1.5986153317288843,29.02810720657021,27.42949187484133,29.610517100940537,593
683146,"Baty, Brett","L","74.963480719",37.20310901532021,10.277891922273843,2.288109534964487,0.4698996655518395,1.3450466148978124,29.823424878255796,28.478378263357985,28.956419602899377,598
621566,"Olson, Matt","L","74.926249235",33.69255721573074,10.291860466631034,-2.6905147733702552,0.5169385194479295,5.835006362329274,36.34787726910238,30.5128709067731,29.863586325197964,797
686948,"Baldwin, Drake","L","74.909628762",34.1481055115735,12.199623188912755,4.215333540444175,0.454983922829582,1.388667417744158,29.248966220177067,27.860298802432908,28.511315653337185,622
663728,"Raleigh, Cal","R","74.901016167",34.56087069192844,17.584375223733137,-6.176481384916014,0.44794952681388,4.367635722187617,33.96328384532887,29.595648123141252,24.938061282554166,634
671739,"Harris II, Michael","L","74.89599789",31.047334867656517,7.312798239941705,-2.327557514408191,0.4753867791842476,1.659128137731329,31.634726358290575,29.97559822055924,28.348828555354338,711
606466,"Marte, Ketel","R","74.774782108",31.73730837129415,9.248328347890132,-8.430081419599645,0.5901162790697673,7.222444126423866,37.37594513259485,30.15350100617098,21.46768931044814,688
691718,"Crow-Armstrong, Pete","L","74.76853009",35.2004254807126,15.594501158227835,-5.608126936140979,0.47686375321336755,6.2244705189973075,37.95024982880623,31.725779309808935,25.428809169359166,778
668904,"Lewis, Royce","R","74.74573",25.87572319948,11.030399393756136,-8.219950261094269,0.7377049180327871,4.826912684268598,32.32243561074507,27.49552292647648,29.55639979031966,488
686527,"Canzone, Dominic","L","74.699484882",31.80017422834462,13.56177302681017,-2.8931633223831024,0.5397849462365594,7.225328263517023,38.644648846944584,31.41932058342755,30.028811180233795,465
592518,"Machado, Manny","R","74.668293385",26.23942117130348,7.386684870615293,-2.234922068090058,0.5641748942172073,3.2574756980599724,31.197407360739717,27.93993166267974,30.979488312977885,709
624413,"Alonso, Pete","R","74.663877638",33.82562109781084,10.234030783150317,1.8270186626847351,0.5503355704697989,3.6958165874767284,27.941322822527496,24.24550623505077,26.82685720627906,745
694212,"Basallo, Samuel","L","74.652811207",33.38374761969226,11.769371835878658,-4.319549835784672,0.5191956124314443,1.103315522307323,34.34870183927814,33.245386316970816,24.5355671760307,547
660271,"Ohtani, Shohei","L","74.646024565",37.69745090067105,13.505921764621693,0.31586637779862625,0.5159420289855076,-4.456993383427834,26.362329761297794,30.819323144725633,31.300560960358993,690
694192,"Chourio, Jackson","R","74.631642136",27.82140934921829,9.198730337465044,2.7900867966449874,0.6543689320388347,4.23919326852383,29.72761603521765,25.48842276669382,31.676156373271493,515
663993,"Lowe, Nathaniel","L","74.585246132",29.740272361889954,8.014436551703739,4.2952844926566005,0.554245283018868,0.6333246542439395,28.315195909971944,27.681871255728,29.28989937765151,424
572233,"Walker, Christian","R","74.429749096",28.61292870875374,7.6946746565467725,-5.504373150674761,0.47473404255319157,2.3991160359249455,31.575045639553938,29.175929603628987,27.010668288201817,752
691016,"Soderstrom, Tyler","L","74.392768108",28.55044292702632,10.07106531240965,-1.8941569591434355,0.5297297297297299,1.08537687190618,28.995706137595658,27.910329265689477,30.865495816221596,555
683002,"Henderson, Gunnar","L","74.373014611",31.668219771230984,10.33816619251006,-0.1890603083963092,0.49635036496350354,6.426956058645395,33.64060732565832,27.213651267012924,24.09208184620029,822
657757,"Sheets, Gavin","L","74.368159871",28.612854473916038,7.952629402673281,-5.757482294574625,0.5073529411764706,1.5017024933947376,31.323272228459256,29.821569735064532,27.776908136347778,544
666160,"Moniak, Mickey","L","74.360216825",33.424263024316204,13.994773430982631,-7.59592712791281,0.5377969762419008,4.780900513318487,30.74785436625039,25.9669538529319,30.23997549016058,463
547180,"Harper, Bryce","L","74.316117392",37.12903216081299,13.025939884351336,-2.249796555405681,0.47468354430379744,8.723562778283487,33.062726962585074,24.3391641843016,29.456262327858788,790
621439,"Buxton, Byron","R","74.205843577",34.45008946506882,14.199304480203477,-8.667347811645442,0.5739837398373983,4.684129562732819,28.72235777199215,24.038228209259334,27.146684387867747,615
682626,"Alvarez, Francisco","R","74.201249011",29.286259439007363,10.165653814165662,-0.7799209013102542,0.586206896551724,1.2195199972893114,27.188925164845596,25.96940516755629,28.588652872640484,435
678246,"Vargas, Miguel","R","74.135210397",34.340811373386174,12.495755997142854,-3.456232481595582,0.6728045325779035,3.50701843750918,35.26477946224016,31.757761024730986,27.504210371553587,706
671056,"Herrera, Iván","R","73.892625627",30.267837579715913,7.221828053713151,-4.43365631135559,0.4512534818941505,3.3830466715385707,34.21803028318708,30.83498361164851,26.654716880142796,718
668709,"Bleday, JJ","L","73.885295849",32.58129088822543,13.104221119288843,-8.860716535044467,0.5366795366795366,5.131364514168909,33.02649762094805,27.895133106779152,31.991962280782047,518
695600,"Jensen, Carter","L","73.866140172",26.453599452191504,6.4041719454491695,-6.281354968187239,0.4828124999999999,11.461054696775019,37.75717604158396,26.296121344808935,26.3524073673059,640
650490,"Díaz, Yandy","R","73.816151377",23.851470869255646,1.8210716407030543,7.343006824662567,0.2971014492753625,0.4725513872540079,28.753921870643957,28.281370483389946,30.226449009102303,690
677951,"Witt Jr., Bobby","R","73.80004297",28.02349248475202,4.954623318633219,-1.4405934910978573,0.43759873617693523,2.2006846085890786,28.590528201476626,26.38984359288755,25.80751986812708,633
677800,"Abreu, Wilyer","L","73.779325148",33.09918043955732,8.093933645543476,-0.12382448762677797,0.4748387096774192,-1.784363858260696,28.09629235309395,29.880656211354648,27.14428234481738,775
671277,"García Jr., Luis","L","73.744819884",27.721028675592876,10.38665978985492,-2.389407772601877,0.6451077943615255,4.355317185105915,33.694828972339984,29.33951178723405,27.6017766517735,603
671732,"Butler, Lawrence","L","73.715415179",31.425858806971494,5.307870932065111,4.649066343692512,0.38315789473684214,0.13167890757914852,26.204974925813637,26.073296018234494,31.011769759451894,475
664040,"Lowe, Brandon","L","73.658847684",33.6100690904167,15.82460756403724,-2.858124828557648,0.4902975420439844,7.524649992932743,34.74898550282894,27.224335509896175,25.058167583858513,773
542303,"Ozuna, Marcell","R","73.56061217",36.65016569009281,16.012568802952657,-6.831967181070334,0.48993288590604017,-0.22932418768200838,34.357035583147876,34.586359770829894,25.830574687296718,447
686555,"Collins, Isaac","R","73.555433276",28.535466593476265,4.460941172547919,-6.1453938667325465,0.37259100642398285,3.9776406423738098,32.73676993497755,28.759129292603745,28.490388294307742,467
701538,"Merrill, Jackson","L","73.387193541",38.59334501142922,9.544325902752023,-0.5071040400812812,0.4785992217898832,3.3202780835142196,29.836375464579035,26.516097381064817,28.205019809960202,771
673548,"Suzuki, Seiya","R","73.348886096",32.203727672734615,9.190210654477273,-4.7107200165365715,0.5066445182724253,5.813493648517992,34.43197347609898,28.618479827580977,27.36318032846331,602
668901,"Vientos, Mark","R","73.344510089",31.787177022179904,13.150308139740105,0.034889896598480435,0.6066666666666666,2.5591734402454462,29.7278107544079,27.168637314162446,27.55491866369453,450
676475,"Burleson, Alec","L","73.323600855",35.83421984177225,13.01040912445774,1.9179742050378494,0.5440976933514245,-0.5943777929022105,31.565261808353586,32.15963960125581,21.936014941885066,737
592663,"Realmuto, J.T.","R","73.302041911",32.618838453008536,11.931507943205295,-0.49313653925058376,0.5466666666666665,-2.0341163592731433,29.067856330640346,31.101972689913477,28.171392670618438,450
672960,"Okamoto, Kazuma","R","73.284426598",31.052284097256422,15.20125582046753,-4.853559835366969,0.5775034293552814,3.6098489879343716,30.10947494856758,26.49962596063321,27.52809677861198,729
661388,"Contreras, William","R","73.224110927",27.11259508079567,8.198652361561953,1.1155780787995355,0.5827814569536424,2.3645483164124004,30.953141790618684,28.58859347420628,29.213232915476897,604
679529,"Torkelson, Spencer","R","73.21778214",37.963647359176434,15.372430578882236,-7.850054742259679,0.5111441307578007,-0.25405335995140826,30.680803111477555,30.934856471428965,28.70004306450764,673
592885,"Yelich, Christian","L","73.166272171",36.62994179390365,11.320118824789272,7.704242624109273,0.4551148225469729,-1.4515316412013082,26.031468044134375,27.48299968533568,29.83467914148972,479
665862,"Chisholm Jr., Jazz","L","73.12848065",31.5391061370898,15.6938455086634,-8.596285978667943,0.6038034865293185,1.8682343448360517,32.53307162640559,30.664837281569536,26.182528993087786,631
681624,"Pages, Andy","R","73.061158802",39.99721699561997,6.53307251816111,-2.7056446079829133,0.44329896907216493,-1.3464340350496713,28.823018775789993,30.169452810839665,28.084219914375822,776
543807,"Springer, George","R","73.001317025",33.82515462526374,9.394268244963198,0.2608519533120242,0.5609318996415772,-4.85061446835386,21.852121981725563,26.702736450079417,26.712847721155335,558
650489,"Castro, Willi","R","72.961973735",37.08165572922083,8.939402396234655,-3.4692615614773925,0.4864457831325303,-0.635038076133412,30.486047801412102,31.12108587754551,24.302528625175547,664
662139,"Varsho, Daulton","L","72.881079397",27.17222051948417,9.128790030165286,-1.007835406669068,0.5499999999999999,-1.8917865782248036,26.354819430217265,28.246606008442065,27.80543252835558,580
682928,"Abrams, CJ","L","72.860324625",28.88220966026868,13.358023379279425,-6.24808942686133,0.6166219839142092,4.030255384721422,32.42206885998185,28.391813475260438,29.576482288235802,746
668804,"Reynolds, Bryan","R","72.856732818",37.74765867137758,10.623798616612149,2.02278293575509,0.43638850889192893,-0.6350987854020159,25.838039332380152,26.47313811778217,27.321068496697,731
665750,"Taveras, Leody","R","72.823896946",33.22055812276474,7.476247403413648,-4.816608157430621,0.41516966067864275,5.065805993415408,32.285868534253275,27.220062540837848,27.20295932458176,501
677649,"Duran, Ezequiel","R","72.6871429",28.413741687410944,6.36049483497388,2.866106292087379,0.42946708463949845,0.3047938835870934,28.853724679951323,28.54893079636424,26.501727741015763,638
700250,"Rice, Ben","L","72.667773227",33.68000849585098,12.611061465178082,-5.036218011662168,0.5525114155251141,-4.637214912526809,28.284395221601912,32.92161013412872,28.075889359562197,657
678554,"Mead, Curtis","R","72.585493567",31.1059936932191,5.694206326167003,-5.121244477873155,0.4629258517034068,-2.5614223916969276,31.38990812015771,33.95133051185464,26.278192639133753,499
669477,"Schmitt, Casey","R","72.543628754",33.367630412660795,9.703998752136023,-7.177645290705982,0.48840579710144943,4.574794216957934,31.812751141220428,27.23795692426251,24.037439561603215,690
672724,"Peraza, Oswald","R","72.531320747",28.319312060326247,6.344262489642189,-2.325987451646536,0.48659003831417624,-0.4074091517554733,29.146686453677216,29.55409560543269,28.86918770945303,522
593428,"Bogaerts, Xander","R","72.48971483",32.203443667582206,11.52619292840726,-6.045982586217265,0.5511022044088176,9.429467682343114,33.858678079139175,24.429210396796062,29.30980632896986,499
607043,"Nimmo, Brandon","L","72.481268491",29.514925230682646,6.980968870794122,2.1830860130114558,0.507183908045977,2.450275680258969,29.22373264197257,26.773456961713595,29.596077367193285,696
701398,"Stewart, Sal","R","72.480424154",32.81561303659056,12.034824491120364,5.157309833225041,0.5507442489851149,7.746950081488844,28.70899053747986,20.96204045599102,29.563003861097016,739
657041,"Thomas, Lane","R","72.474322548",27.012851274488263,8.822820839607969,-3.2828581121530895,0.60813704496788,4.033801008421418,28.17967065598979,24.14586964756838,29.058980700477484,467
677942,"Alexander, Blaze","R","72.448403326",36.817781797322,8.474835796430705,5.296267949816434,0.4977973568281937,-6.372158590746011,23.775915492514315,30.148074083260337,29.737762113179468,454
802139,"Wetherholt, JJ","L","72.33680215",32.13634447855683,11.618363042736231,5.103546507263649,0.6391752577319588,-4.301036156622417,28.967705568925194,33.26874172554763,27.649513856158578,679
642715,"Adames, Willy","R","72.335498598",33.79344201042313,15.409443477702625,-3.980147004552433,0.575070821529745,0.41989283214890843,30.548929884129976,30.129037051981058,29.062825481330893,706
606192,"Hernández, Teoscar","R","72.278704039",33.688823279852976,10.985182207592977,0.9935877175749691,0.5371179039301309,-1.731520793337176,29.95393196755506,31.685452760892243,30.345349770451055,458
671218,"Ramos, Heliot","R","72.205526353",33.54355676890746,7.815455739250679,5.105015824288652,0.4980392156862747,-1.9874334573291137,26.18973249658643,28.177165953915544,29.21737063903854,510
665161,"Peña, Jeremy","R","72.203996951",30.339251861794363,11.68242957020233,-7.992221289554274,0.6188340807174889,3.342636990038382,31.673374983458295,28.33073799341991,27.431009613001898,446
678662,"Tovar, Ezequiel","R","72.174819841",35.21279958544168,10.829401340930486,-2.5619840196621513,0.48191027496382044,1.8105651675924588,30.408681549377302,28.598116381784838,24.37529005195961,691
665742,"Soto, Juan","L","72.131657401",28.301842889083442,12.60295274996357,0.6481653044607606,0.6465696465696463,1.7285918115406194,25.383022454997278,23.65443064345666,28.6556217084469,481
664023,"Happ, Ian","R","72.066927923",33.493104084004365,11.30802175601428,-5.314037814022553,0.46354883081155435,3.6686200106530507,34.12967091138855,30.461050900735504,26.011257710259823,727
664034,"France, Ty","R","72.059407174",34.57579071669879,10.691537828516088,5.770185006516383,0.4881422924901186,-2.2368465868987233,26.99326984923674,29.230116436135468,26.823620612077697,506
686681,"Massey, Michael","L","72.001659414",33.47665559828641,15.712325550710878,-1.8398059645757416,0.5835140997830803,6.7115228068039965,30.35672828995089,23.645205483146892,30.08931960151218,461
592626,"Pederson, Joc","L","71.96469714",28.158933247615078,9.38876064514957,-2.312019480332936,0.5581854043392506,-1.4332469496261377,28.884303598870673,30.31755054849681,23.445087756344275,507
665019,"Clemens, Kody","L","71.957120344",28.519484939071358,11.674697078043478,-2.59848611328735,0.6375,0.7458052813848782,33.52347016042539,32.77766487904049,26.09628615956812,640
646240,"Devers, Rafael","L","71.924388689",30.686729975920066,9.243207350020953,5.282436260293096,0.5706940874035991,3.8590806121427947,28.893125780127498,25.034045167984708,25.555449871786,778
656555,"Hoskins, Rhys","R","71.923563573",33.55938295070104,16.78329945545024,-6.204768634181167,0.555056179775281,2.1635891544681365,33.00124488021756,30.837655725749432,28.409789809238923,445
605137,"Bell, Josh","R","71.921648124",33.66910332861308,9.33363048213161,-1.9488429487206569,0.5492577597840756,-2.56972539313256,26.754158972402188,29.32388436553475,28.023244948574472,741
672640,"Lopez, Otto","R","71.913929044",29.37348868311845,5.576178163418917,-3.271053861260447,0.47962382445141066,4.927488843896718,32.59422517782005,27.66673633392333,27.748211655223063,638
693307,"Dingler, Dillon","R","71.910429096",40.44907041787359,13.454727504457049,-3.4654580677823152,0.552833078101072,2.2811731187295083,30.296382275019045,28.015209156289533,27.857830510007123,653
690993,"Keith, Colt","L","71.847204414",31.570927094920997,10.289909055580116,-2.358105837755467,0.4864864864864864,6.37184294030801,30.274227283142807,23.9023843428348,28.126249722791563,444
663616,"Larnach, Trevor","L","71.82198501",33.063107960519844,8.309665823911637,-14.687464324031776,0.46331236897274636,8.705707038823025,38.21524153552977,29.50953449670675,25.324664490647304,477
681481,"Carpenter, Kerry","L","71.787548326",35.36790436990461,17.925010095870785,-1.2148756639573952,0.4845814977973569,-4.309275958504571,27.61585906537375,31.92513502387832,30.46292441416739,454
666969,"García, Adolis","R","71.704877722",29.081502584367694,9.678923722645964,-1.8430821153707604,0.5831435079726651,2.521707468877867,32.46161770393565,29.939910235057795,26.847697798763104,439
680574,"McLain, Matt","R","71.703554838",30.704739161478805,11.00937723992194,-0.056241571326350936,0.5701943844492441,7.397596456908816,31.162986136093128,23.765389679184317,26.839498405572595,463
702284,"Young, Cole","L","71.701763157",28.156424222270303,6.062283172047536,-2.2754715945061976,0.4857142857142857,0.03967667185673801,29.977965326853084,29.93828865499635,21.790771027325064,700
607208,"Turner, Trea","R","71.694595814",25.675044212299024,8.844076369398897,-4.7028379239607085,0.6412213740458013,3.423352191600501,30.19512137500197,26.771769183401478,30.79308219172019,786
521692,"Perez, Salvador","R","71.651015245",34.447980398821265,11.306028246990072,-4.104222814100071,0.5811855670103092,0.5904700431300114,29.92819823550795,29.337728192377934,27.376260996858093,776
553993,"Suárez, Eugenio","R","71.628309764",38.99376978924837,18.146714106212126,-4.969348161769306,0.47244094488188976,15.799183158345912,34.345702753330315,18.5465195949844,24.074621876943965,508
571970,"Muncy, Max","L","71.552164018",33.67692132177063,16.35377516584278,-6.531769235046517,0.5214285714285716,9.778543583295985,38.39379234628318,28.615248762987193,28.961162869313295,560
672515,"Moreno, Gabriel","R","71.525593501",34.05812667098539,8.577831599794363,2.752165526105902,0.4274661508704061,5.755982399089719,35.035705561212716,29.279723162122995,25.854413349881323,517
621020,"Swanson, Dansby","R","71.519291106",34.63925465585953,15.599252557517199,-4.255147738820782,0.5529595015576325,2.054988045665216,33.85889196474269,31.80390391907745,27.264096133306982,642
669016,"Marsh, Brandon","L","71.468548773",37.28300589208891,9.942879655058334,-1.5789277889008944,0.4256854256854257,0.5795932006748055,28.2854067940836,27.70581359340879,31.422605126080537,693
800050,"DeLauter, Chase","L","71.435680425",28.7389160271422,4.0406815386551775,1.418564446229673,0.4454713493530498,2.8088134852395825,28.946222994294796,26.137409509055217,29.06223466054552,541
571448,"Arenado, Nolan","R","71.402314817",33.17875261326838,13.019485618984032,-11.215968453885573,0.5716666666666668,3.9835763344488466,35.70717051790654,31.723594183457703,30.303821540833,600
641487,"Crawford, J.P.","L","71.365373757",33.70116720821711,6.868431117034032,-0.6150877669699875,0.4579256360078278,3.9610557405611466,37.64156105545284,33.680505314891725,27.583150662247487,511
663656,"Tucker, Kyle","L","71.313914544",36.08231456793395,10.211840010568846,-6.662723097984742,0.4444444444444445,-1.415511686016928,28.35880975503189,29.774321441048816,27.37145346337335,702
502671,"Goldschmidt, Paul","R","71.271737383",32.58125147861998,11.791351248778629,2.9467607480508633,0.5111561866125758,-0.14139165172253967,20.032173452044837,20.17356510376738,34.75722771584704,493
573262,"Yastrzemski, Mike","L","71.266748545",31.00840205652766,10.849301669873032,-3.5838206462408344,0.6220657276995305,1.3190927201771863,32.8676757218314,31.548583001654215,23.8079958937745,426
805808,"McGonigle, Kevin","L","71.261735",36.70714087451246,15.731367595888017,0.05439515007613177,0.5014409221902018,6.634034463444688,35.601082708967766,28.967048245523078,28.193571170977034,694
668715,"Steer, Spencer","R","71.18110841",28.880185493897105,13.351058273050482,-0.33917954554452506,0.5901639344262295,1.9508966308405162,30.098587647268808,28.147691016428286,25.80155088632319,610
682177,"Schneemann, Daniel","L","71.169349487",33.080475232733946,14.497093746598985,-0.7559200732093195,0.5585215605749486,3.2974981917100115,35.27074557887534,31.973247387165323,24.262574682541562,487
609280,"Andujar, Miguel","R","71.167532037",26.025423696308117,7.27801857259894,-3.9049957632247594,0.5856481481481483,5.2237140835700036,33.346968386562516,28.123254302992503,30.600172002696393,432
687263,"Neto, Zach","R","71.139586951",39.97380709273807,20.935842988347325,-8.007896302274009,0.3719512195121952,21.74140928877071,38.66076818019233,16.91935889142162,20.67979981692283,820
691026,"Winn, Masyn","R","71.129420576",28.27707090306588,5.202727552677315,-1.1985197907119278,0.41186440677966085,0.4324236539305577,33.818117513763035,33.38569385983248,24.122144139429317,590
701807,"Benge, Carson","L","71.11255503",33.63254545145304,5.792964381592241,3.5436723771498055,0.4191616766467066,5.201448291645239,33.50103476376039,28.29958647211515,26.10454835625559,668
682657,"Martínez, Angel","R","71.104917605",34.2924176117226,10.529819453514241,-7.188745042204916,0.49534883720930234,5.03392372420992,37.01604751644308,31.982123792233175,24.725646808123887,430
663886,"Stephenson, Tyler","R","71.091447991",37.71937765483448,12.424995852442942,0.8510524569560544,0.5388127853881277,1.7398761980137774,29.774465701436203,28.034589503422424,28.520254176677152,438
608348,"Kelly, Carson","R","71.038926674",33.02670941702944,10.278149782400483,-4.319805650270108,0.4824355971896954,-0.5696726104638477,30.068486024112325,30.63815863457617,29.4076089074946,427
664983,"McCarthy, Jake","L","71.033404537",32.75914823156846,8.901629312398644,-1.9984271965559646,0.49727767695099817,-0.5469003112619422,29.194549150664642,29.741449461926575,30.767631390694596,551
668227,"Arozarena, Randy","R","70.901242525",26.569722929625158,7.595245499275258,4.73122012711774,0.5820029027576197,6.101551233085235,28.756470743097225,22.654919510011993,24.02801612261493,689
656811,"O'Hearn, Ryan","L","70.849009005",31.86455916219391,11.841097044097328,-0.5517433847537766,0.4600326264274061,2.3159206596659665,27.28170160497081,24.96578094530484,30.76263338900671,613
545121,"Vargas, Ildemaro","R","70.840018782",22.673298928386252,5.597795237548705,-5.412444605490728,0.5231092436974791,13.18953025022054,27.770252488674327,14.580722238453784,24.876749907559603,476
663837,"Vierling, Matt","R","70.835871922",31.397653426059595,8.774323654538973,-1.4118023842563028,0.5809935205183585,-4.6676368590932045,31.866596644559664,36.534233503652864,26.56865280360043,463
695734,"Lile, Daylen","L","70.811815833",39.30664545264685,12.064626980094053,-1.1470979637117888,0.5357142857142855,-0.6832986683589519,29.797871694009174,30.48117036236813,25.02268296011213,756
693304,"Gonzales, Nick","R","70.71381478",35.90297401792743,9.56678074815451,1.0458877736401468,0.4779516358463726,-5.091526479045558,27.230308218413736,32.3218346974593,26.561684315682736,703
656775,"Mullins, Cedric","L","70.655371066",30.330165131860838,11.91948390190066,-4.639936072242264,0.6142131979695431,-3.3904247270380483,27.902593754344142,31.29301848138218,24.96574674492923,591
664761,"Bohm, Alec","R","70.648992072",29.51291186665219,5.071268200182777,4.104434803241442,0.468189233278956,0.31810332169604405,25.603100649416152,25.28499732772011,29.49890031125606,613
805300,"Marsee, Jakob","L","70.534909011",30.815628594817788,6.942332227488159,-6.25380644759957,0.4840989399293287,3.8105645548342313,34.58343600911914,30.772871454284918,27.085959126656256,566
673962,"Jung, Josh","R","70.519030306",36.628013490243504,12.412860550525044,0.13234228087411445,0.5748299319727891,10.088509190437609,31.57734103506045,21.488831844622837,25.274556414467217,588
663757,"Grisham, Trent","L","70.439314602",28.402115525376324,13.842715973282381,-0.8377111845951133,0.6086021505376344,-7.31706383419428,26.17465997266381,33.49172380685808,31.163120308165084,465
518692,"Freeman, Freddie","L","70.43917799",42.52668232937313,7.562654138207095,2.1903065415203766,0.42478941034897705,-3.6617261768169627,26.08093680728865,29.74266298410561,30.940011312540175,831
691720,"Karros, Kyle","R","70.334228566",37.80123658892066,7.67772892851573,-7.1855812620055755,0.42830882352941174,5.269895019138691,28.12003589558782,22.85014087644914,27.591756263430735,544
686469,"Pasquantino, Vinnie","L","70.313285292",28.576521815177397,10.878934484043384,-10.222558199645782,0.583941605839416,3.160458115430819,32.26039399632876,29.09993588089795,31.40998777262535,548
647304,"Naylor, Josh","L","70.223760208",29.427331273790376,8.48325772896525,-7.320559628832214,0.4552715654952077,-1.011993873126237,25.766704678066063,26.77869855119231,25.229003073353212,626
687859,"Johnston, Troy","L","70.209480374",34.40017819003567,10.321950890571792,-1.3565076843027188,0.44299065420560746,0.6385586271428865,34.088856725937255,33.45029809879438,26.17657449565072,535
686797,"Lee, Brooks","R","70.125279514",30.744779869902718,11.138009592435262,-6.436720504092733,0.5708154506437769,6.087242580421256,30.87412796475389,24.78688538433262,28.681089567875556,699
701675,"Church, Nathan","L","70.096684203",31.774428047540237,6.531455017767621,-0.520483421812076,0.4033771106941838,1.4174557118590714,30.598143141529267,29.180687429670186,28.94721718191898,533
677587,"Rocchio, Brayan","R","70.085985298",28.35426543256087,9.034361482590441,-6.382382232277654,0.5089285714285715,6.2722444785320155,32.79049604994651,26.518251571414503,23.187323347902765,672
668930,"Turang, Brice","L","70.079963194",36.214950441923456,8.039493456253497,9.498057069484428,0.4978417266187053,-0.6199876610010131,31.03804264294232,31.65803030394332,24.937482771343078,695
666182,"Bichette, Bo","R","70.071089974",37.47575323279694,2.5161634480150425,2.407504806690381,0.27748691099476436,-1.8487827357044935,25.81749010463654,27.666272840341033,25.05825935441742,764
608070,"Ramírez, José","R","70.031430989",31.08200528924761,10.089933858913318,-9.608753361963098,0.5989010989010991,2.4446386722608047,32.96706310012439,30.522424427863594,22.50487515279386,546
803011,"Antonacci, Sam","L","69.994876391",38.876502556266665,9.29504332581974,7.46080831974921,0.5069033530571991,0.717822860727346,31.05480706253288,30.336984201805535,24.5518567479677,507
681082,"Stott, Bryson","L","69.974874419",31.127820011613956,9.944089390307937,-1.3633804745753315,0.5581395348837207,5.952623181221847,33.170846610517195,27.218223429295357,24.401982087611156,602
666018,"Aranda, Jonathan","L","69.892457687",34.86697113356665,7.686010985435739,5.645461005393065,0.5049365303244006,-0.5566102761423464,25.982285245282398,26.53889552142474,29.374460078847033,709
643217,"Benintendi, Andrew","L","69.890883793",31.493068781720805,17.124707402931552,-6.154975428056176,0.5045372050816697,6.825524258670447,35.59483226715994,28.769308008489492,23.516890305595084,551
700932,"Manzardo, Kyle","L","69.830357233",37.61256351456026,17.75125082578486,0.03126910905510645,0.4991243432574431,11.6486038995521,34.76939588147555,23.12079198192345,31.41568711286956,571
608324,"Bregman, Alex","R","69.797388311",28.058112141032282,14.556741543326138,-5.727451297440564,0.6607407407407407,2.91507444614798,32.778218999190315,29.863144553042325,24.589840841767717,675
671976,"Peters, Tristan","L","69.79406499",29.49283098428559,13.339234429509968,-3.789886922884559,0.5719769673704415,6.052305482317947,31.37189114926123,25.31958566694328,29.48970649375393,521
683953,"Bazzana, Travis","L","69.785613874",33.42681477070317,11.0044668965614,-2.6173331406170455,0.5010141987829614,3.6407991307929577,34.25698960846592,30.61619047767298,27.44571103492929,493
678882,"Rafaela, Ceddanne","R","69.774806155",32.29389905997121,9.060829531767412,-1.4282939071915,0.5190217391304348,1.4724747623983625,31.203757955557457,29.731283193159094,25.916271633220823,736
641355,"Bellinger, Cody","L","69.484614071",34.058704909995825,13.550653809683281,-0.72489234191366,0.6181277860326891,-4.071678699352188,29.267189409488044,33.338868108840224,21.55838013889597,673
696285,"Young, Jacob","R","69.419975395",30.605617364960697,11.922703409698654,0.8632247730244123,0.6162528216704289,-2.3024530967474566,28.096787196530308,30.39924029327777,31.02625956254384,443
807712,"Keaschall, Luke","R","69.327604371",36.7613425687085,10.914271751201072,-4.558894496243221,0.5145067698259188,7.787715571252772,33.21856685957754,25.43085128832475,27.192557746618814,517
702332,"Durbin, Caleb","R","69.230475037",28.62669963131295,9.851837947605992,-2.4581976993722536,0.6142322097378279,-1.1329843419540433,29.521107300876213,30.654091642830252,26.12480582181689,534
643289,"Dubón, Mauricio","R","69.0430618",30.560218651625988,4.121179451300969,0.9587334761727309,0.3811533052039381,-3.6481040105659455,27.50249885071764,31.15060286128358,27.433185196920714,711
645277,"Albies, Ozzie","R","68.947787143",34.919064598115845,12.07372168727564,-5.213932471546344,0.5751552795031056,3.6373439326442165,37.926617989782876,34.289274057138655,20.531750344339837,805
681198,"Rumfield, TJ","L","68.882776257",36.39545552320187,10.072440696049547,-3.6106495203119353,0.45658682634730546,4.174577478176054,32.724438254125936,28.549860775949874,24.41900911672501,668
702222,"Crawford, Justin","L","68.855390938",29.1865360982095,3.2912045315014162,10.767169387968133,0.3958724202626642,-4.390674819368197,21.323579008247656,25.714253827615853,33.95277666308254,533
676609,"Caballero, José","R","68.819065617",30.76483249118737,10.232846534408413,-0.11354148726249533,0.5205724508050089,15.598419023934824,32.915035102897136,17.31661607896231,23.84461851089169,559
514888,"Altuve, Jose","R","68.764766299",28.067679743694107,14.113876446421067,-1.8381188209178758,0.5413385826771653,16.62150705426987,27.78738630391551,11.165879249645634,32.476855038059625,508
642086,"Smith, Dominic","L","68.731181268",31.188324775716843,8.279600580054238,-4.566422800481289,0.4953051643192488,2.997080862674442,35.679086967698986,32.68200610502455,26.490159896050166,426
543760,"Semien, Marcus","R","68.680709621",33.6219080865863,14.888126017495228,-3.094845110460712,0.5903614457831328,1.9372086267137312,29.55770556994132,27.620496943227582,23.169693535359922,581
656716,"McKinstry, Zach","L","68.667314389",38.1160174822759,8.3383849474906,0.624640007267917,0.41628959276018096,-0.9910007262023458,28.078798314418727,29.069799040621064,25.45500739470585,442
683083,"Nuñez, Nasim","R","68.544020417",31.663409583967486,5.0673203054275255,6.508056228620854,0.4202898550724638,0.5697801043938978,28.611623413111626,28.041843308717738,29.1791909064324,552
669364,"Edwards, Xavier","R","68.49162882",29.473460324619282,5.90581270947054,-0.8641506330069817,0.4549689440993789,7.536744048278299,31.54224923389358,24.005505185615288,23.95147731547875,644
808982,"Lee, Jung Hoo","L","68.393019165",38.98093239862824,4.484647146864998,-4.777216541943786,0.3895652173913044,0.8842709647516813,29.342334761062926,28.45806379631124,20.311827427120335,575
621493,"Ward, Taylor","R","68.347899181",30.977597709119372,6.416530156117777,-0.16264241143397534,0.4682274247491639,-0.7277330988649127,31.606936079080928,32.33466917794584,26.231366681983594,598
683737,"Busch, Michael","L","68.336114294",34.011519809799154,15.799743814769656,-2.879422091723374,0.5042372881355933,3.7660121839258096,33.30149307619242,29.53548089226661,27.780484875712837,708
663538,"Hoerner, Nico","R","68.332133045",32.09606219234306,5.577567838812758,-1.2134476938022074,0.47424242424242424,-2.36890850240937,25.806138579209875,28.175047081619244,28.813483421945094,660
643446,"McNeil, Jeff","L","68.303102056",35.108380339118135,6.82563643000522,-1.9044944611783583,0.3796133567662565,-3.817673897851515,28.035573429063692,31.853247326915202,24.93356125912413,569
689414,"Hicks, Liam","L","68.290528968",31.74052307299544,7.345555979100774,-5.939837422659599,0.5141700404858298,1.6653953399881847,30.49626214731639,28.830866807328203,24.110420656627294,494
694384,"Schanuel, Nolan","L","67.998852505",35.23488686883365,7.518819950398389,-3.5445321427338734,0.49521988527724664,4.570791943781591,33.69251551869213,29.12172357491054,24.141685230504446,523
665926,"Giménez, Andrés","L","67.990912932",32.36760731889815,9.012141699772148,2.5361343472735434,0.4728813559322035,3.000891899491961,28.868995540964196,25.868103641472235,28.46075950626605,590
676391,"Clement, Ernie","R","67.49467235",29.66761299504088,12.018552381842358,-5.443074939181459,0.6267281105990784,9.979468013266837,33.027705910677575,23.04823789741073,27.3964801788686,651
670623,"Paredes, Isaac","R","67.466380574",34.40627796693989,15.532288698413037,-12.591193152272476,0.5205882352941177,5.1452805393742524,35.92507565746738,30.77979511809313,24.537474332224058,680
663968,"Mangum, Jake","R","67.266746929",31.347440168750413,3.641706704866642,10.320434678420146,0.34369287020109696,-8.549673007129423,20.808425126810373,29.358098133939816,29.202436782336108,547
664770,"Lukes, Nathan","L","67.227726322",30.932108541914847,6.605484666959702,8.014989089962636,0.47816091954022993,-0.6687911844656731,26.752483933360296,27.421275117825967,29.890035017772338,435
672695,"Perdomo, Geraldo","R","67.0796225",37.78065654191561,8.976210547673928,-1.2932021954618362,0.5447019867549668,6.304109419494722,25.63997035424144,19.335860934746712,25.178289754230065,604
805367,"Meidroth, Chase","R","66.94374808",30.76140041094876,10.830537457283476,4.165111801392907,0.5792,-0.37866632480550994,29.053904074308498,29.432570399114006,28.63469534781045,625
802415,"Simpson, Chandler","L","65.010283728",29.073683457466387,3.517975161502343,4.738554648198728,0.3883495145631067,-4.6112194522554315,20.777237574489025,25.388457026744465,31.06514834887142,515
805779,"Wilson, Jacob","R","64.370275927",34.72937039966675,4.24931909484442,-1.0625571439073511,0.3821510297482837,4.378417467053882,33.16415406843245,28.785736601378574,23.88320810833571,437
650333,"Arraez, Luis","L","63.261401458",37.250167965736175,9.111335894249752,2.6896361189664257,0.532738095238095,-1.0727122481965492,33.296159277911855,34.3688715261084,26.112821461800337,672
680757,"Kwan, Steven","L","62.79479789",36.243903268145154,2.2407754653833996,-1.353419949633838,0.31856540084388185,-1.217655289065437,28.996095512317886,30.213750801383313,22.98692451179615,474