"last_name, first_name","player_id","year","pa","bip","ba","est_ba","est_ba_minus_ba_diff","slg","est_slg","est_slg_minus_slg_diff","woba","est_woba","est_woba_minus_woba_diff"
"Wood, James","695578","2026","498","266",0.271,0.278,-0.007000000000000006,0.557,0.606,-0.04899999999999993,0.403,0.425,-0.021999999999999964
"Ward, Taylor","621493","2026","482","297",0.253,0.253,0,0.357,0.382,-0.025000000000000022,0.34,0.348,-0.007999999999999952
"Henderson, Gunnar","683002","2026","481","325",0.221,0.235,-0.013999999999999985,0.402,0.383,0.019000000000000017,0.302,0.303,-0.0010000000000000009
"Busch, Michael","683737","2026","468","283",0.247,0.233,0.013999999999999985,0.405,0.409,-0.003999999999999948,0.345,0.341,0.003999999999999948
"Bregman, Alex","608324","2026","468","331",0.234,0.231,0.0030000000000000027,0.351,0.345,0.006000000000000005,0.306,0.304,0.0020000000000000018
"Tatis Jr., Fernando","665487","2026","464","324",0.277,0.285,-0.007999999999999952,0.393,0.439,-0.045999999999999985,0.325,0.354,-0.02899999999999997
"Herrera, Iván","671056","2026","464","308",0.244,0.245,-0.0010000000000000009,0.382,0.375,0.007000000000000006,0.336,0.335,0.0010000000000000009
"Olson, Matt","621566","2026","463","301",0.266,0.249,0.017000000000000015,0.527,0.511,0.016000000000000014,0.371,0.36,0.01100000000000001
"Alonso, Pete","624413","2026","462","287",0.249,0.274,-0.025000000000000022,0.466,0.515,-0.04899999999999999,0.352,0.38,-0.028000000000000025
"Neto, Zach","687263","2026","461","261",0.234,0.202,0.032,0.441,0.401,0.03999999999999998,0.334,0.307,0.027000000000000024
"Reynolds, Bryan","668804","2026","460","278",0.269,0.251,0.018000000000000016,0.453,0.446,0.007000000000000006,0.368,0.359,0.009000000000000008
"Caminero, Junior","691406","2026","460","318",0.282,0.277,0.004999999999999949,0.542,0.502,0.040000000000000036,0.387,0.371,0.016000000000000014
"Crow-Armstrong, Pete","691718","2026","460","275",0.29,0.258,0.03199999999999997,0.545,0.47,0.07500000000000007,0.399,0.361,0.038000000000000034
"Hoerner, Nico","663538","2026","459","380",0.247,0.294,-0.046999999999999986,0.337,0.369,-0.03199999999999997,0.29,0.322,-0.03200000000000003
"Alvarez, Yordan","670541","2026","459","305",0.323,0.334,-0.01100000000000001,0.643,0.711,-0.06799999999999995,0.445,0.473,-0.02799999999999997
"Albies, Ozzie","645277","2026","458","355",0.26,0.234,0.025999999999999995,0.434,0.357,0.07700000000000001,0.32,0.283,0.03700000000000003
"Turner, Trea","607208","2026","455","321",0.244,0.246,-0.0020000000000000018,0.391,0.374,0.017000000000000015,0.301,0.297,0.0040000000000000036
"Wetherholt, JJ","802139","2026","453","321",0.253,0.257,-0.0040000000000000036,0.393,0.432,-0.03899999999999998,0.331,0.347,-0.01599999999999996
"Bichette, Bo","666182","2026","453","339",0.257,0.279,-0.02200000000000002,0.37,0.413,-0.04299999999999998,0.297,0.323,-0.026000000000000023
"Schwarber, Kyle","656941","2026","452","228",0.252,0.24,0.01200000000000001,0.549,0.502,0.04700000000000004,0.389,0.368,0.02100000000000002
"McGonigle, Kevin","805808","2026","452","323",0.281,0.269,0.01200000000000001,0.418,0.44,-0.02200000000000002,0.359,0.36,-0.0010000000000000009
"Pages, Andy","681624","2026","452","317",0.263,0.266,-0.0030000000000000027,0.454,0.437,0.017000000000000015,0.341,0.338,0.0030000000000000027
"Turang, Brice","668930","2026","450","282",0.267,0.258,0.009000000000000008,0.464,0.447,0.017000000000000015,0.359,0.35,0.009000000000000008
"Stewart, Sal","701398","2026","450","307",0.253,0.251,0.0020000000000000018,0.47,0.473,-0.0030000000000000027,0.342,0.348,-0.00599999999999995
"Vargas, Miguel","678246","2026","449","308",0.242,0.269,-0.027000000000000024,0.484,0.526,-0.04200000000000004,0.359,0.39,-0.031000000000000028
"Aranda, Jonathan","666018","2026","448","282",0.282,0.262,0.019999999999999962,0.438,0.451,-0.013000000000000012,0.357,0.358,-0.0010000000000000009
"Ohtani, Shohei","660271","2026","447","275",0.282,0.289,-0.007000000000000006,0.52,0.563,-0.04299999999999993,0.383,0.405,-0.02200000000000002
"Edwards, Xavier","669364","2026","446","333",0.289,0.263,0.025999999999999968,0.402,0.372,0.030000000000000027,0.339,0.318,0.02100000000000002
"Marte, Ketel","606466","2026","446","347",0.254,0.289,-0.034999999999999976,0.457,0.489,-0.03199999999999997,0.329,0.358,-0.02899999999999997
"Freeman, Freddie","518692","2026","446","319",0.301,0.298,0.0030000000000000027,0.491,0.499,-0.008000000000000007,0.378,0.383,-0.0050000000000000044
"Harper, Bryce","547180","2026","446","285",0.251,0.269,-0.018000000000000016,0.484,0.497,-0.013000000000000012,0.361,0.38,-0.019000000000000017
"Devers, Rafael","646240","2026","446","280",0.247,0.232,0.014999999999999986,0.485,0.455,0.02999999999999997,0.342,0.325,0.017000000000000015
"Díaz, Yandy","650490","2026","445","332",0.303,0.287,0.016000000000000014,0.461,0.444,0.017000000000000015,0.365,0.357,0.008000000000000007
"Burleson, Alec","676475","2026","442","335",0.289,0.299,-0.010000000000000009,0.471,0.537,-0.06600000000000006,0.355,0.383,-0.028000000000000025
"Abreu, Wilyer","677800","2026","442","304",0.253,0.256,-0.0030000000000000027,0.44,0.467,-0.027000000000000024,0.331,0.342,-0.01100000000000001
"Greene, Riley","682985","2026","441","267",0.282,0.264,0.01799999999999996,0.463,0.494,-0.030999999999999972,0.362,0.37,-0.008000000000000007
"Lopez, Otto","672640","2026","441","352",0.328,0.288,0.040000000000000036,0.49,0.437,0.05299999999999999,0.367,0.334,0.032999999999999974
"Walker, Jordan","691023","2026","439","293",0.286,0.282,0.0040000000000000036,0.51,0.498,0.01200000000000001,0.368,0.363,0.0050000000000000044
"Carroll, Corbin","682998","2026","439","283",0.25,0.249,0.0010000000000000009,0.487,0.448,0.03899999999999998,0.356,0.345,0.01100000000000001
"Perdomo, Geraldo","672695","2026","438","314",0.233,0.245,-0.011999999999999983,0.357,0.333,0.023999999999999966,0.325,0.328,-0.0030000000000000027
"Arraez, Luis","650333","2026","438","391",0.327,0.285,0.04200000000000004,0.451,0.371,0.08000000000000002,0.349,0.304,0.044999999999999984
"Machado, Manny","592518","2026","437","293",0.21,0.238,-0.027999999999999997,0.438,0.434,0.0040000000000000036,0.315,0.328,-0.013000000000000012
"Lile, Daylen","695734","2026","436","326",0.244,0.254,-0.010000000000000009,0.406,0.413,-0.006999999999999951,0.305,0.314,-0.009000000000000008
"Happ, Ian","664023","2026","436","237",0.22,0.203,0.016999999999999987,0.425,0.405,0.019999999999999962,0.332,0.318,0.014000000000000012
"Abrams, CJ","682928","2026","436","297",0.297,0.264,0.032999999999999974,0.573,0.476,0.09699999999999998,0.398,0.354,0.04400000000000004
"Adell, Jo","666176","2026","434","309",0.243,0.264,-0.02100000000000002,0.403,0.449,-0.045999999999999985,0.304,0.33,-0.026000000000000023
"Bellinger, Cody","641355","2026","434","309",0.259,0.277,-0.018000000000000016,0.42,0.419,0.0010000000000000009,0.339,0.35,-0.010999999999999954
"Merrill, Jackson","701538","2026","433","297",0.231,0.251,-0.01999999999999999,0.391,0.442,-0.05099999999999999,0.294,0.32,-0.026000000000000023
"Lowe, Brandon","664040","2026","431","273",0.246,0.246,0,0.474,0.451,0.022999999999999965,0.339,0.336,0.0030000000000000027
"Guerrero Jr., Vladimir","665489","2026","429","323",0.264,0.286,-0.021999999999999964,0.355,0.405,-0.050000000000000044,0.311,0.34,-0.029000000000000026
"Rice, Ben","700250","2026","428","272",0.273,0.272,0.0010000000000000009,0.586,0.523,0.06299999999999994,0.398,0.379,0.019000000000000017
"Riley, Austin","663586","2026","427","257",0.217,0.209,0.008000000000000007,0.353,0.382,-0.029000000000000026,0.29,0.297,-0.007000000000000006
"Naylor, Josh","647304","2026","426","336",0.258,0.275,-0.017000000000000015,0.354,0.395,-0.041000000000000036,0.301,0.322,-0.02100000000000002
"Walker, Christian","572233","2026","423","280",0.232,0.219,0.013000000000000012,0.447,0.373,0.07400000000000001,0.327,0.295,0.03200000000000003
"Paredes, Isaac","670623","2026","423","305",0.26,0.244,0.016000000000000014,0.43,0.371,0.059,0.345,0.319,0.025999999999999968
"Meidroth, Chase","805367","2026","422","279",0.276,0.234,0.04200000000000001,0.389,0.328,0.061,0.328,0.29,0.038000000000000034
"Contreras, William","661388","2026","421","323",0.273,0.269,0.0040000000000000036,0.393,0.441,-0.04799999999999999,0.319,0.335,-0.016000000000000014
"Nimmo, Brandon","607043","2026","421","292",0.268,0.291,-0.022999999999999965,0.429,0.507,-0.07800000000000001,0.334,0.373,-0.03899999999999998
"Benge, Carson","701807","2026","421","291",0.258,0.278,-0.020000000000000018,0.389,0.43,-0.04099999999999998,0.316,0.338,-0.02200000000000002
"Young, Cole","702284","2026","421","315",0.255,0.278,-0.02300000000000002,0.404,0.427,-0.022999999999999965,0.314,0.333,-0.019000000000000017
"Okamoto, Kazuma","672960","2026","421","245",0.224,0.209,0.015000000000000013,0.443,0.425,0.018000000000000016,0.325,0.314,0.01100000000000001
"Adames, Willy","642715","2026","420","270",0.225,0.218,0.007000000000000006,0.43,0.389,0.04099999999999998,0.305,0.289,0.016000000000000014
"Kurtz, Nick","701762","2026","420","206",0.264,0.248,0.016000000000000014,0.499,0.493,0.006000000000000005,0.388,0.378,0.010000000000000009
"Arozarena, Randy","668227","2026","419","274",0.284,0.267,0.01699999999999996,0.448,0.425,0.02300000000000002,0.366,0.354,0.01200000000000001
"Rumfield, TJ","681198","2026","419","308",0.298,0.253,0.044999999999999984,0.475,0.383,0.09199999999999997,0.375,0.325,0.04999999999999999
"Perez, Salvador","521692","2026","417","303",0.208,0.23,-0.02200000000000002,0.365,0.411,-0.045999999999999985,0.271,0.3,-0.02899999999999997
"Dubón, Mauricio","643289","2026","416","326",0.262,0.267,-0.0050000000000000044,0.406,0.385,0.02100000000000002,0.315,0.311,0.0040000000000000036
"Langeliers, Shea","669127","2026","416","281",0.263,0.268,-0.0050000000000000044,0.497,0.513,-0.016000000000000014,0.356,0.363,-0.007000000000000006
"Clement, Ernie","676391","2026","416","360",0.297,0.257,0.03999999999999998,0.426,0.344,0.08200000000000002,0.325,0.275,0.04999999999999999
"Duran, Jarren","680776","2026","414","261",0.198,0.227,-0.028999999999999998,0.345,0.372,-0.027000000000000024,0.264,0.293,-0.02899999999999997
"Witt Jr., Bobby","677951","2026","414","299",0.279,0.306,-0.02699999999999997,0.45,0.517,-0.067,0.346,0.386,-0.040000000000000036
"Tucker, Kyle","663656","2026","413","280",0.239,0.263,-0.02400000000000002,0.376,0.401,-0.025000000000000022,0.317,0.338,-0.02100000000000002
"Bell, Josh","605137","2026","413","288",0.243,0.246,-0.0030000000000000027,0.413,0.433,-0.020000000000000018,0.313,0.32,-0.007000000000000006
"Bohm, Alec","664761","2026","412","317",0.221,0.247,-0.025999999999999995,0.368,0.377,-0.009000000000000008,0.286,0.304,-0.018000000000000016
"Gonzales, Nick","693304","2026","412","305",0.313,0.28,0.032999999999999974,0.411,0.384,0.02699999999999997,0.346,0.322,0.023999999999999966
"Montgomery, Colson","695657","2026","411","237",0.218,0.219,-0.0010000000000000009,0.46,0.437,0.02300000000000002,0.327,0.319,0.008000000000000007
"Rodríguez, Julio","677594","2026","411","291",0.254,0.273,-0.019000000000000017,0.417,0.468,-0.051000000000000045,0.321,0.347,-0.025999999999999968
"Lee, Brooks","686797","2026","410","312",0.247,0.226,0.02099999999999999,0.422,0.329,0.09299999999999997,0.316,0.273,0.04299999999999998
"Marsee, Jakob","805300","2026","410","257",0.195,0.216,-0.02099999999999999,0.288,0.306,-0.018000000000000016,0.282,0.297,-0.015000000000000013
"Rafaela, Ceddanne","678882","2026","410","305",0.279,0.243,0.03600000000000003,0.438,0.35,0.08800000000000002,0.331,0.281,0.04999999999999999
"Goodman, Hunter","696100","2026","408","235",0.26,0.236,0.02400000000000002,0.557,0.48,0.07700000000000007,0.375,0.337,0.03799999999999998
"Schmitt, Casey","669477","2026","408","309",0.269,0.289,-0.019999999999999962,0.482,0.513,-0.031000000000000028,0.333,0.355,-0.021999999999999964
"Torkelson, Spencer","679529","2026","408","224",0.206,0.212,-0.006000000000000005,0.417,0.412,0.0050000000000000044,0.316,0.317,-0.0010000000000000009
"Burger, Jake","669394","2026","406","264",0.238,0.234,0.003999999999999976,0.424,0.402,0.021999999999999964,0.316,0.305,0.01100000000000001
"Rocchio, Brayan","677587","2026","402","309",0.268,0.251,0.017000000000000015,0.398,0.354,0.04400000000000004,0.321,0.298,0.02300000000000002
"Bogaerts, Xander","593428","2026","401","278",0.218,0.241,-0.022999999999999993,0.322,0.371,-0.04899999999999999,0.289,0.317,-0.028000000000000025
"Contreras, Willson","575929","2026","400","243",0.288,0.269,0.01899999999999996,0.547,0.516,0.031000000000000028,0.401,0.387,0.014000000000000012
"Dingler, Dillon","693307","2026","400","275",0.275,0.289,-0.013999999999999957,0.532,0.523,0.009000000000000008,0.374,0.38,-0.006000000000000005
"Harris II, Michael","671739","2026","399","304",0.298,0.295,0.0030000000000000027,0.504,0.506,-0.0020000000000000018,0.356,0.357,-0.0010000000000000009
"Winn, Masyn","691026","2026","397","278",0.238,0.252,-0.014000000000000012,0.318,0.33,-0.01200000000000001,0.287,0.302,-0.015000000000000013
"Marsh, Brandon","669016","2026","396","266",0.287,0.266,0.020999999999999963,0.469,0.433,0.035999999999999976,0.342,0.318,0.02400000000000002
"Jung, Josh","673962","2026","396","286",0.294,0.286,0.008000000000000007,0.441,0.432,0.009000000000000008,0.352,0.347,0.0050000000000000044
"Simpson, Chandler","802415","2026","394","338",0.296,0.26,0.035999999999999976,0.359,0.297,0.062,0.304,0.268,0.035999999999999976
"Swanson, Dansby","621020","2026","392","262",0.22,0.225,-0.0050000000000000044,0.413,0.397,0.01599999999999996,0.311,0.308,0.0030000000000000027
"Kwan, Steven","680757","2026","392","299",0.248,0.269,-0.02100000000000002,0.308,0.331,-0.02300000000000002,0.304,0.321,-0.017000000000000015
"Trout, Mike","545361","2026","392","217",0.247,0.263,-0.016000000000000014,0.468,0.535,-0.067,0.375,0.404,-0.029000000000000026
"Jensen, Carter","695600","2026","388","239",0.24,0.207,0.033,0.428,0.365,0.063,0.319,0.285,0.03400000000000003
"Smith, Cam","701358","2026","388","256",0.206,0.246,-0.04000000000000001,0.363,0.442,-0.07900000000000001,0.287,0.333,-0.04600000000000004
"Keaschall, Luke","807712","2026","388","276",0.258,0.231,0.026999999999999996,0.342,0.331,0.01100000000000001,0.315,0.3,0.015000000000000013
"Arenado, Nolan","571448","2026","387","265",0.243,0.239,0.0040000000000000036,0.421,0.364,0.056999999999999995,0.325,0.303,0.02200000000000002
"Suzuki, Seiya","673548","2026","387","237",0.265,0.249,0.016000000000000014,0.473,0.429,0.043999999999999984,0.358,0.336,0.021999999999999964
"Chisholm Jr., Jazz","665862","2026","387","232",0.223,0.209,0.014000000000000012,0.41,0.374,0.035999999999999976,0.308,0.291,0.017000000000000015
"Stott, Bryson","681082","2026","386","285",0.252,0.265,-0.013000000000000012,0.405,0.411,-0.00599999999999995,0.311,0.32,-0.009000000000000008
"Soderstrom, Tyler","691016","2026","385","266",0.251,0.255,-0.0040000000000000036,0.473,0.424,0.04899999999999999,0.354,0.339,0.014999999999999958
"Steer, Spencer","668715","2026","384","256",0.238,0.246,-0.008000000000000007,0.421,0.452,-0.031000000000000028,0.325,0.342,-0.017000000000000015
"Lee, Jung Hoo","808982","2026","384","326",0.302,0.295,0.007000000000000006,0.435,0.382,0.05299999999999999,0.336,0.315,0.02100000000000002
"De La Cruz, Elly","682829","2026","381","237",0.278,0.28,-0.0020000000000000018,0.506,0.496,0.010000000000000009,0.371,0.372,-0.0010000000000000009
"Hicks, Liam","689414","2026","379","298",0.277,0.248,0.029000000000000026,0.439,0.35,0.08900000000000002,0.348,0.31,0.03799999999999998
"Bauers, Jake","641343","2026","379","223",0.263,0.251,0.01200000000000001,0.486,0.46,0.025999999999999968,0.371,0.357,0.014000000000000012
"Caglianone, Jac","695506","2026","377","241",0.251,0.265,-0.014000000000000012,0.45,0.486,-0.035999999999999976,0.328,0.348,-0.019999999999999962
"O'Hearn, Ryan","656811","2026","375","255",0.279,0.258,0.02100000000000002,0.469,0.42,0.04899999999999999,0.353,0.328,0.024999999999999967
"DeLauter, Chase","800050","2026","372","283",0.282,0.278,0.003999999999999948,0.447,0.435,0.01200000000000001,0.35,0.346,0.0040000000000000036
"Clemens, Kody","665019","2026","370","257",0.243,0.25,-0.007000000000000006,0.488,0.446,0.04199999999999998,0.336,0.328,0.008000000000000007
"Baldwin, Drake","686948","2026","367","241",0.277,0.28,-0.0030000000000000027,0.484,0.519,-0.03500000000000003,0.372,0.385,-0.013000000000000012
"Muncy, Max","571970","2026","367","232",0.256,0.246,0.010000000000000009,0.5,0.481,0.019000000000000017,0.367,0.355,0.01200000000000001
"Tovar, Ezequiel","678662","2026","363","249",0.198,0.217,-0.01899999999999999,0.32,0.358,-0.03799999999999998,0.248,0.271,-0.02300000000000002
"Duran, Ezequiel","677649","2026","361","249",0.271,0.256,0.015000000000000013,0.447,0.381,0.066,0.333,0.306,0.027000000000000024
"Buxton, Byron","621439","2026","360","243",0.264,0.251,0.013000000000000012,0.547,0.511,0.03600000000000003,0.368,0.349,0.019000000000000017
"Soto, Juan","665742","2026","359","247",0.283,0.297,-0.014000000000000012,0.539,0.589,-0.04999999999999993,0.401,0.422,-0.020999999999999963
"Schanuel, Nolan","694384","2026","358","269",0.28,0.285,-0.004999999999999949,0.39,0.382,0.008000000000000007,0.332,0.331,0.0010000000000000009
"Durbin, Caleb","702332","2026","357","276",0.237,0.233,0.003999999999999976,0.393,0.323,0.07,0.306,0.282,0.02400000000000002
"Castro, Willi","650489","2026","356","225",0.258,0.226,0.032,0.398,0.372,0.026000000000000023,0.32,0.297,0.02300000000000002
"Karros, Kyle","691720","2026","356","233",0.262,0.256,0.006000000000000005,0.426,0.406,0.019999999999999962,0.347,0.34,0.006999999999999951
"Crawford, J.P.","641487","2026","356","229",0.217,0.244,-0.026999999999999996,0.353,0.371,-0.018000000000000016,0.314,0.331,-0.017000000000000015
"Sheets, Gavin","657757","2026","354","235",0.214,0.232,-0.018000000000000016,0.398,0.382,0.016000000000000014,0.314,0.316,-0.0020000000000000018
"Mullins, Cedric","656775","2026","354","243",0.203,0.187,0.016000000000000014,0.352,0.31,0.04199999999999998,0.282,0.26,0.021999999999999964
"Chapman, Matt","656305","2026","352","229",0.235,0.21,0.024999999999999994,0.368,0.319,0.04899999999999999,0.308,0.286,0.02200000000000002
"Altuve, Jose","514888","2026","351","245",0.232,0.223,0.009000000000000008,0.395,0.334,0.061,0.303,0.278,0.024999999999999967
"Collins, Isaac","686555","2026","351","224",0.243,0.234,0.00899999999999998,0.37,0.333,0.03699999999999998,0.321,0.307,0.014000000000000012
"Baty, Brett","683146","2026","350","219",0.222,0.235,-0.012999999999999984,0.328,0.373,-0.044999999999999984,0.28,0.304,-0.023999999999999966
"García Jr., Luis","671277","2026","348","276",0.278,0.288,-0.009999999999999953,0.544,0.503,0.041000000000000036,0.363,0.353,0.010000000000000009
"McCarthy, Jake","664983","2026","348","262",0.298,0.261,0.03699999999999998,0.502,0.392,0.10999999999999999,0.361,0.308,0.05299999999999999
"Stowers, Kyle","669065","2026","344","195",0.234,0.231,0.0030000000000000027,0.441,0.428,0.013000000000000012,0.327,0.324,0.0030000000000000027
"Soler, Jorge","624585","2026","344","194",0.202,0.21,-0.00799999999999998,0.374,0.372,0.0020000000000000018,0.293,0.298,-0.0050000000000000044
"Semien, Marcus","543760","2026","343","242",0.207,0.244,-0.037000000000000005,0.344,0.398,-0.05400000000000005,0.268,0.304,-0.035999999999999976
"Mitchell, Garrett","669003","2026","342","190",0.272,0.261,0.01100000000000001,0.446,0.459,-0.013000000000000012,0.353,0.354,-0.0010000000000000009
"Nuñez, Nasim","683083","2026","341","230",0.247,0.225,0.021999999999999992,0.291,0.275,0.01599999999999996,0.287,0.274,0.012999999999999956
"Varsho, Daulton","662139","2026","341","247",0.248,0.245,0.0030000000000000027,0.383,0.37,0.013000000000000012,0.304,0.298,0.006000000000000005
"Antonacci, Sam","803011","2026","341","245",0.283,0.287,-0.0040000000000000036,0.416,0.426,-0.010000000000000009,0.354,0.358,-0.0040000000000000036
"Grisham, Trent","663757","2026","340","240",0.216,0.25,-0.034,0.39,0.44,-0.04999999999999999,0.314,0.346,-0.03199999999999997
"Johnston, Troy","687859","2026","339","247",0.289,0.277,0.011999999999999955,0.399,0.378,0.02100000000000002,0.335,0.324,0.01100000000000001
"Giménez, Andrés","665926","2026","337","253",0.234,0.233,0.0010000000000000009,0.359,0.326,0.032999999999999974,0.278,0.269,0.009000000000000008
"Manzardo, Kyle","700932","2026","336","190",0.209,0.215,-0.006000000000000005,0.358,0.365,-0.007000000000000006,0.293,0.297,-0.0040000000000000036
"Pasquantino, Vinnie","686469","2026","333","235",0.234,0.247,-0.012999999999999984,0.348,0.389,-0.041000000000000036,0.297,0.316,-0.019000000000000017
"Ramírez, José","608070","2026","332","242",0.236,0.277,-0.041000000000000036,0.405,0.434,-0.02899999999999997,0.321,0.348,-0.02699999999999997
"Springer, George","543807","2026","331","231",0.233,0.232,0.0010000000000000009,0.397,0.379,0.018000000000000016,0.315,0.307,0.008000000000000007
"Vargas, Ildemaro","545121","2026","329","277",0.272,0.286,-0.013999999999999957,0.407,0.388,0.01899999999999996,0.315,0.316,-0.0010000000000000009
"Mead, Curtis","678554","2026","327","222",0.254,0.26,-0.006000000000000005,0.5,0.458,0.04199999999999998,0.369,0.358,0.01100000000000001
"Bazzana, Travis","683953","2026","325","213",0.239,0.224,0.014999999999999986,0.4,0.35,0.050000000000000044,0.325,0.302,0.02300000000000002
"Caballero, José","676609","2026","325","226",0.238,0.223,0.014999999999999986,0.376,0.323,0.05299999999999999,0.292,0.266,0.025999999999999968
"Chourio, Jackson","694192","2026","323","218",0.277,0.251,0.026000000000000023,0.473,0.463,0.009999999999999953,0.348,0.332,0.01599999999999996
"Bleday, JJ","668709","2026","322","209",0.234,0.258,-0.023999999999999994,0.469,0.456,0.012999999999999956,0.352,0.362,-0.010000000000000009
"Moreno, Gabriel","672515","2026","321","233",0.315,0.304,0.01100000000000001,0.458,0.468,-0.010000000000000009,0.374,0.382,-0.008000000000000007
"Taveras, Leody","665750","2026","319","205",0.228,0.218,0.010000000000000009,0.344,0.324,0.019999999999999962,0.295,0.285,0.010000000000000009
"McNeil, Jeff","643446","2026","318","254",0.244,0.276,-0.03200000000000003,0.331,0.36,-0.02899999999999997,0.285,0.309,-0.02400000000000002
"Pederson, Joc","592626","2026","318","208",0.251,0.263,-0.01200000000000001,0.491,0.46,0.030999999999999972,0.358,0.357,0.0010000000000000009
"Benintendi, Andrew","643217","2026","318","214",0.241,0.252,-0.01100000000000001,0.416,0.419,-0.0030000000000000027,0.311,0.319,-0.008000000000000007
"Young, Jacob","696285","2026","317","238",0.235,0.264,-0.029000000000000026,0.386,0.399,-0.013000000000000012,0.297,0.313,-0.016000000000000014
"Raleigh, Cal","663728","2026","316","175",0.165,0.176,-0.010999999999999982,0.3,0.347,-0.046999999999999986,0.26,0.284,-0.023999999999999966
"Larnach, Trevor","663616","2026","316","222",0.293,0.266,0.02699999999999997,0.457,0.41,0.04700000000000004,0.368,0.34,0.02799999999999997
"Frelick, Sal","686217","2026","313","249",0.236,0.243,-0.007000000000000006,0.33,0.322,0.008000000000000007,0.281,0.281,0
"Thomas, Lane","657041","2026","312","199",0.23,0.244,-0.013999999999999985,0.4,0.377,0.02300000000000002,0.322,0.32,0.0020000000000000018
"Basallo, Samuel","694212","2026","311","202",0.241,0.25,-0.009000000000000008,0.45,0.469,-0.01899999999999996,0.325,0.336,-0.01100000000000001
"Yelich, Christian","592885","2026","310","191",0.243,0.225,0.017999999999999988,0.397,0.383,0.014000000000000012,0.317,0.307,0.010000000000000009
"Peters, Tristan","671976","2026","310","230",0.283,0.254,0.02899999999999997,0.444,0.383,0.061,0.342,0.308,0.03400000000000003
"McLain, Matt","680574","2026","309","187",0.19,0.226,-0.036000000000000004,0.328,0.386,-0.057999999999999996,0.282,0.317,-0.03500000000000003
"Crawford, Justin","702222","2026","305","223",0.255,0.251,0.0040000000000000036,0.34,0.311,0.029000000000000026,0.287,0.275,0.011999999999999955
"Butler, Lawrence","671732","2026","303","185",0.198,0.233,-0.035,0.298,0.348,-0.04999999999999999,0.274,0.307,-0.032999999999999974
"Keith, Colt","690993","2026","301","223",0.254,0.267,-0.013000000000000012,0.393,0.424,-0.030999999999999972,0.303,0.321,-0.018000000000000016
"Suárez, Eugenio","553993","2026","300","164",0.207,0.19,0.016999999999999987,0.402,0.337,0.065,0.297,0.267,0.02999999999999997
"Murakami, Munetaka","808959","2026","299","147",0.239,0.222,0.016999999999999987,0.543,0.519,0.02400000000000002,0.391,0.376,0.015000000000000013
"Martin, Austin","668885","2026","297","196",0.242,0.239,0.0030000000000000027,0.323,0.319,0.0040000000000000036,0.313,0.311,0.0020000000000000018
"Betts, Mookie","605141","2026","296","236",0.229,0.271,-0.04200000000000001,0.41,0.432,-0.02200000000000002,0.303,0.329,-0.026000000000000023
"Horwitz, Spencer","687462","2026","295","210",0.28,0.236,0.04400000000000004,0.455,0.393,0.062,0.37,0.339,0.030999999999999972
"Lewis, Royce","668904","2026","295","189",0.212,0.219,-0.007000000000000006,0.377,0.378,-0.0010000000000000009,0.296,0.301,-0.0050000000000000044
"Garcia, Maikel","672580","2026","294","225",0.261,0.272,-0.01100000000000001,0.373,0.374,-0.0010000000000000009,0.307,0.316,-0.009000000000000008
"Walls, Taylor","670764","2026","291","183",0.223,0.187,0.036000000000000004,0.296,0.256,0.03999999999999998,0.279,0.25,0.029000000000000026
"Goldschmidt, Paul","502671","2026","291","197",0.258,0.231,0.026999999999999996,0.483,0.417,0.066,0.344,0.307,0.03699999999999998
"Peraza, Oswald","672724","2026","291","187",0.239,0.229,0.009999999999999981,0.371,0.352,0.019000000000000017,0.288,0.275,0.012999999999999956
"Carter, Evan","694497","2026","291","180",0.193,0.199,-0.006000000000000005,0.342,0.33,0.01200000000000001,0.297,0.295,0.0020000000000000018
"Canzone, Dominic","686527","2026","289","200",0.26,0.268,-0.008000000000000007,0.512,0.503,0.009000000000000008,0.361,0.361,0
"Caratini, Victor","605170","2026","289","198",0.236,0.244,-0.008000000000000007,0.358,0.399,-0.041000000000000036,0.302,0.328,-0.026000000000000023
"Realmuto, J.T.","592663","2026","288","199",0.226,0.256,-0.03,0.354,0.381,-0.027000000000000024,0.294,0.317,-0.02300000000000002
"Mangum, Jake","663968","2026","288","218",0.303,0.255,0.04799999999999999,0.371,0.324,0.046999999999999986,0.321,0.282,0.039000000000000035
"Hoskins, Rhys","656555","2026","286","148",0.174,0.169,0.004999999999999977,0.369,0.326,0.04299999999999998,0.301,0.289,0.01200000000000001
"Vierling, Matt","663837","2026","285","218",0.203,0.255,-0.05199999999999999,0.322,0.379,-0.056999999999999995,0.253,0.301,-0.04799999999999999
"Rutschman, Adley","668939","2026","284","212",0.251,0.274,-0.02300000000000002,0.433,0.432,0.0010000000000000009,0.333,0.348,-0.014999999999999958
"Cruz, Oneil","665833","2026","283","152",0.264,0.255,0.009000000000000008,0.472,0.49,-0.018000000000000016,0.357,0.358,-0.0010000000000000009
"Hernández, Teoscar","606192","2026","282","176",0.251,0.246,0.0050000000000000044,0.39,0.409,-0.01899999999999996,0.314,0.321,-0.007000000000000006
"Church, Nathan","701675","2026","281","207",0.225,0.233,-0.008000000000000007,0.359,0.364,-0.0050000000000000044,0.275,0.28,-0.0050000000000000044
"Massey, Michael","686681","2026","281","217",0.274,0.241,0.03300000000000003,0.44,0.403,0.03699999999999998,0.324,0.302,0.02200000000000002
"Stephenson, Tyler","663886","2026","281","181",0.244,0.254,-0.010000000000000009,0.392,0.463,-0.07100000000000001,0.315,0.345,-0.02999999999999997
"Raley, Luke","670042","2026","280","168",0.23,0.253,-0.022999999999999993,0.447,0.489,-0.04199999999999998,0.315,0.342,-0.027000000000000024
"Wilson, Jacob","805779","2026","278","235",0.278,0.268,0.010000000000000009,0.403,0.354,0.049000000000000044,0.312,0.289,0.02300000000000002
"McKinstry, Zach","656716","2026","277","204",0.2,0.234,-0.034,0.298,0.32,-0.02200000000000002,0.259,0.283,-0.023999999999999966
"Sanoja, Javier","691594","2026","277","241",0.268,0.252,0.016000000000000014,0.395,0.315,0.08000000000000002,0.305,0.268,0.03699999999999998
"Schneemann, Daniel","682177","2026","276","171",0.206,0.218,-0.01200000000000001,0.321,0.357,-0.035999999999999976,0.268,0.285,-0.01699999999999996
"Yastrzemski, Mike","573262","2026","276","177",0.226,0.222,0.0040000000000000036,0.354,0.341,0.012999999999999956,0.301,0.296,0.0050000000000000044
"Kelly, Carson","608348","2026","275","194",0.257,0.239,0.018000000000000016,0.373,0.382,-0.009000000000000008,0.326,0.319,0.007000000000000006
"Ramos, Heliot","671218","2026","275","186",0.262,0.269,-0.007000000000000006,0.438,0.474,-0.035999999999999976,0.317,0.333,-0.016000000000000014
"France, Ty","664034","2026","273","187",0.286,0.253,0.032999999999999974,0.548,0.454,0.09400000000000003,0.376,0.334,0.04199999999999998
"Ortiz, Joey","687401","2026","270","196",0.239,0.246,-0.007000000000000006,0.361,0.349,0.01200000000000001,0.297,0.304,-0.007000000000000006
"Ozuna, Marcell","542303","2026","269","160",0.2,0.221,-0.02099999999999999,0.325,0.394,-0.069,0.275,0.307,-0.03199999999999997
"Freeman, Tyler","671289","2026","269","210",0.253,0.267,-0.014000000000000012,0.325,0.357,-0.03199999999999997,0.298,0.314,-0.016000000000000014
"Hernández, Heriberto","681715","2026","266","174",0.242,0.259,-0.017000000000000015,0.475,0.506,-0.031000000000000028,0.338,0.359,-0.020999999999999963
"Ewing, A.J.","805999","2026","265","168",0.264,0.258,0.006000000000000005,0.413,0.403,0.009999999999999953,0.332,0.325,0.007000000000000006
"Mayo, Coby","691723","2026","263","152",0.196,0.21,-0.013999999999999985,0.4,0.395,0.0050000000000000044,0.289,0.294,-0.0050000000000000044
"Julien, Edouard","666397","2026","262","158",0.212,0.252,-0.04000000000000001,0.296,0.408,-0.11199999999999999,0.286,0.339,-0.05300000000000005
"Judge, Aaron","592450","2026","261","143",0.248,0.27,-0.02200000000000002,0.533,0.6,-0.06699999999999995,0.385,0.415,-0.02999999999999997
"García, Adolis","666969","2026","259","150",0.195,0.22,-0.024999999999999994,0.329,0.362,-0.032999999999999974,0.268,0.294,-0.025999999999999968
"Carpenter, Kerry","681481","2026","259","159",0.208,0.212,-0.0040000000000000036,0.416,0.388,0.02799999999999997,0.3,0.295,0.0050000000000000044
"Eldridge, Bryce","805811","2026","256","154",0.259,0.256,0.0030000000000000027,0.459,0.488,-0.02899999999999997,0.357,0.365,-0.008000000000000007
"Smith, Dominic","642086","2026","256","200",0.266,0.25,0.016000000000000014,0.393,0.387,0.006000000000000005,0.312,0.308,0.0040000000000000036
"Alvarez, Francisco","682626","2026","255","160",0.26,0.246,0.014000000000000012,0.449,0.466,-0.017000000000000015,0.34,0.339,0.0010000000000000009
"Moniak, Mickey","666160","2026","255","175",0.277,0.225,0.05200000000000002,0.553,0.427,0.12600000000000006,0.37,0.301,0.069
"Andujar, Miguel","609280","2026","254","201",0.259,0.264,-0.0050000000000000044,0.423,0.376,0.046999999999999986,0.313,0.298,0.015000000000000013
"Martínez, Angel","682657","2026","254","187",0.228,0.247,-0.01899999999999999,0.422,0.399,0.022999999999999965,0.296,0.297,-0.0010000000000000009
"Cowser, Colton","681297","2026","254","145",0.207,0.211,-0.0040000000000000036,0.332,0.411,-0.07899999999999996,0.293,0.32,-0.027000000000000024
"Vientos, Mark","668901","2026","254","178",0.211,0.234,-0.02300000000000002,0.388,0.447,-0.059,0.28,0.31,-0.02999999999999997
"Palacios, Richie","680700","2026","253","176",0.232,0.244,-0.011999999999999983,0.341,0.332,0.009000000000000008,0.303,0.306,-0.0030000000000000027
"O'Hoppe, Logan","681351","2026","252","169",0.213,0.201,0.011999999999999983,0.3,0.334,-0.03400000000000003,0.26,0.268,-0.008000000000000007
"Cortes, Carlos","666126","2026","251","191",0.269,0.264,0.0050000000000000044,0.426,0.409,0.017000000000000015,0.338,0.33,0.008000000000000007
"Williamson, Ben","810938","2026","251","183",0.249,0.257,-0.008000000000000007,0.328,0.337,-0.009000000000000008,0.288,0.294,-0.006000000000000005
"Lukes, Nathan","664770","2026","250","194",0.285,0.253,0.03199999999999997,0.399,0.33,0.069,0.325,0.284,0.041000000000000036
"Lowe, Nathaniel","663993","2026","249","159",0.256,0.267,-0.01100000000000001,0.475,0.466,0.008999999999999952,0.35,0.351,-0.0010000000000000009
"Peña, Jeremy","665161","2026","249","188",0.319,0.305,0.014000000000000012,0.504,0.458,0.045999999999999985,0.381,0.359,0.02200000000000002
"McMahon, Ryan","641857","2026","248","151",0.211,0.235,-0.023999999999999994,0.373,0.401,-0.028000000000000025,0.284,0.304,-0.020000000000000018
"Fortes, Nick","663743","2026","248","203",0.281,0.25,0.031000000000000028,0.39,0.341,0.04899999999999999,0.314,0.281,0.032999999999999974
"Grissom, Vaughn","687093","2026","248","186",0.251,0.262,-0.01100000000000001,0.393,0.415,-0.021999999999999964,0.314,0.333,-0.019000000000000017
"Griffin, Konnor","804606","2026","247","162",0.276,0.24,0.03600000000000003,0.404,0.392,0.01200000000000001,0.324,0.305,0.019000000000000017
"Gelof, Zack","680869","2026","247","167",0.273,0.225,0.048000000000000015,0.476,0.375,0.10099999999999998,0.348,0.289,0.059
"Caissie, Owen","683357","2026","246","129",0.239,0.216,0.022999999999999993,0.459,0.429,0.030000000000000027,0.322,0.309,0.013000000000000012
"Alexander, Blaze","677942","2026","246","170",0.312,0.308,0.0040000000000000036,0.439,0.467,-0.028000000000000025,0.353,0.361,-0.008000000000000007
"Hamilton, David","666152","2026","245","164",0.237,0.203,0.033999999999999975,0.327,0.295,0.03200000000000003,0.289,0.263,0.025999999999999968
"Gilbert, Drew","687551","2026","245","177",0.233,0.247,-0.013999999999999985,0.353,0.338,0.014999999999999958,0.298,0.299,-0.0010000000000000009
"Loftin, Nick","679845","2026","242","181",0.249,0.241,0.008000000000000007,0.407,0.358,0.04899999999999999,0.325,0.307,0.018000000000000016
"Rengifo, Luis","650859","2026","242","189",0.237,0.257,-0.020000000000000018,0.312,0.354,-0.04199999999999998,0.279,0.304,-0.024999999999999967
"Triolo, Jared","669707","2026","238","162",0.243,0.235,0.008000000000000007,0.313,0.308,0.0050000000000000044,0.283,0.277,0.00599999999999995
"Wells, Austin","669224","2026","237","145",0.165,0.215,-0.04999999999999999,0.277,0.369,-0.09199999999999997,0.247,0.3,-0.05299999999999999
"Acuña Jr., Ronald","660670","2026","236","145",0.251,0.253,-0.0020000000000000018,0.421,0.489,-0.068,0.35,0.378,-0.028000000000000025
"Sánchez, Jesús","660821","2026","234","167",0.274,0.277,-0.0030000000000000027,0.437,0.457,-0.020000000000000018,0.325,0.335,-0.010000000000000009
"Norby, Connor","681393","2026","233","131",0.205,0.183,0.021999999999999992,0.325,0.324,0.0010000000000000009,0.292,0.282,0.010000000000000009
"Yoshida, Masataka","807799","2026","232","182",0.257,0.267,-0.010000000000000009,0.379,0.374,0.0050000000000000044,0.319,0.322,-0.0030000000000000027
"Rushing, Dalton","687221","2026","231","140",0.246,0.25,-0.0040000000000000036,0.463,0.425,0.038000000000000034,0.347,0.338,0.008999999999999952
"Ruiz, Keibert","660688","2026","230","193",0.272,0.235,0.03700000000000003,0.461,0.363,0.09800000000000003,0.326,0.275,0.05099999999999999
"Friedl, TJ","670770","2026","229","151",0.171,0.18,-0.00899999999999998,0.256,0.247,0.009000000000000008,0.239,0.241,-0.0020000000000000018
"Gorman, Nolan","669357","2026","229","130",0.194,0.197,-0.0030000000000000027,0.318,0.351,-0.032999999999999974,0.266,0.278,-0.01200000000000001
"Mayer, Marcelo","691785","2026","228","164",0.22,0.201,0.01899999999999999,0.312,0.297,0.015000000000000013,0.267,0.259,0.008000000000000007
"Langford, Wyatt","694671","2026","228","166",0.29,0.255,0.034999999999999976,0.528,0.445,0.08300000000000002,0.369,0.322,0.046999999999999986
"Matthews, Brice","694728","2026","226","140",0.197,0.192,0.0050000000000000044,0.332,0.341,-0.009000000000000008,0.257,0.26,-0.0030000000000000027
"Crews, Dylan","686611","2026","226","153",0.228,0.24,-0.011999999999999983,0.381,0.433,-0.05199999999999999,0.308,0.33,-0.02200000000000002
"Bolte, Henry","703607","2026","226","138",0.247,0.224,0.022999999999999993,0.328,0.343,-0.015000000000000013,0.297,0.293,0.0040000000000000036
"Freeland, Alex","690976","2026","223","132",0.231,0.21,0.02100000000000002,0.313,0.317,-0.0040000000000000036,0.282,0.276,0.00599999999999995